ID,best_seller,price,image,bracelet,ring,necklace,earring,choker,pendant,mesh,gold,silver,white,titanium,ip,rose,steel,oxidized,mat_sum,pearl,chalcedony,rhodonite,opal,beryllium,morganite,citrine,topaz,praseolite,carnelian,amethyst,malachite,amazonite,labradorite,sapphires,agate,quartzite,gemstones,spinel,onyx,gem_sum,diamonds,ruby,cry_sum
0.0,1.0,SR485,['https://cdn.tous.com/media/catalog/product/cache/image/512x512/9df78eab33525d08d6e5fb8d27136e95/2/1/211140420.jpg'],0.0,1.0,0.0,1.0,0.0,0.0,0.0,0.0,1.0,0.0,0.0,0.0,0.0,0.0,0.0,1.0,1.0,0.0,0.0,0.0,0.0,0.0,0.0,0.0,0.0,0.0,0.0,0.0,0.0,0.0,0.0,0.0,0.0,0.0,0.0,0.0,1.0,0.0,0.0,0.0
1.0,1.0,SR620,['https://cdn.tous.com/media/catalog/product/cache/image/512x512/9df78eab33525d08d6e5fb8d27136e95/4/1/411143500.jpg'],0.0,1.0,0.0,1.0,0.0,0.0,0.0,0.0,1.0,0.0,0.0,0.0,0.0,0.0,0.0,1.0,1.0,0.0,0.0,0.0,0.0,0.0,0.0,0.0,0.0,0.0,0.0,0.0,0.0,0.0,0.0,0.0,0.0,0.0,0.0,0.0,1.0,0.0,0.0,0.0
2.0,1.0,SR370,['https://cdn.tous.com/media/catalog/product/cache/image/512x512/9df78eab33525d08d6e5fb8d27136e95/2/1/214833500.jpg'],0.0,1.0,0.0,1.0,0.0,0.0,0.0,0.0,1.0,0.0,0.0,0.0,0.0,0.0,0.0,1.0,0.0,0.0,0.0,0.0,0.0,0.0,0.0,0.0,0.0,0.0,0.0,0.0,0.0,0.0,0.0,0.0,0.0,0.0,0.0,0.0,0.0,0.0,0.0,0.0
3.0,1.0,SR370,['https://cdn.tous.com/media/catalog/product/cache/image/512x512/9df78eab33525d08d6e5fb8d27136e95/4/1/415900174.jpg'],0.0,0.0,0.0,0.0,0.0,1.0,0.0,0.0,1.0,0.0,0.0,0.0,0.0,0.0,0.0,1.0,0.0,0.0,0.0,0.0,0.0,0.0,0.0,0.0,0.0,0.0,0.0,0.0,0.0,0.0,0.0,0.0,0.0,0.0,0.0,0.0,0.0,0.0,0.0,0.0
4.0,1.0,"SR1,300",['https://cdn.tous.com/media/catalog/product/cache/image/512x512/9df78eab33525d08d6e5fb8d27136e95/5/1/511000795.jpg'],0.0,1.0,0.0,1.0,0.0,0.0,0.0,1.0,0.0,0.0,0.0,0.0,0.0,0.0,0.0,1.0,1.0,0.0,0.0,0.0,0.0,0.0,0.0,0.0,0.0,0.0,0.0,0.0,0.0,0.0,0.0,0.0,0.0,0.0,0.0,0.0,1.0,0.0,0.0,0.0
5.0,1.0,SR820,['https://cdn.tous.com/media/catalog/product/cache/image/512x512/9df78eab33525d08d6e5fb8d27136e95/3/1/311003200.jpg'],0.0,1.0,0.0,1.0,0.0,0.0,0.0,1.0,0.0,0.0,0.0,0.0,0.0,0.0,0.0,1.0,1.0,0.0,0.0,0.0,0.0,0.0,0.0,0.0,0.0,0.0,0.0,0.0,0.0,0.0,0.0,0.0,0.0,0.0,0.0,0.0,1.0,0.0,0.0,0.0
6.0,1.0,SR820,['https://cdn.tous.com/media/catalog/product/cache/image/512x512/9df78eab33525d08d6e5fb8d27136e95/3/1/311001430.jpg'],0.0,1.0,0.0,1.0,0.0,0.0,0.0,1.0,0.0,0.0,0.0,0.0,0.0,0.0,0.0,1.0,0.0,0.0,0.0,0.0,0.0,0.0,0.0,0.0,0.0,0.0,0.0,0.0,0.0,0.0,0.0,0.0,0.0,0.0,0.0,0.0,0.0,0.0,0.0,0.0
7.0,1.0,"SR1,800",['https://cdn.tous.com/media/catalog/product/cache/image/512x512/9df78eab33525d08d6e5fb8d27136e95/0/1/015913000.jpg'],0.0,1.0,0.0,1.0,0.0,0.0,0.0,1.0,0.0,0.0,0.0,0.0,0.0,0.0,0.0,1.0,0.0,0.0,0.0,0.0,0.0,0.0,0.0,0.0,0.0,0.0,0.0,0.0,0.0,0.0,0.0,0.0,0.0,0.0,0.0,0.0,0.0,0.0,0.0,0.0
8.0,1.0,SR370,['https://cdn.tous.com/media/catalog/product/cache/image/512x512/9df78eab33525d08d6e5fb8d27136e95/5/1/515900143.jpg'],0.0,0.0,0.0,0.0,0.0,1.0,0.0,0.0,1.0,0.0,0.0,0.0,0.0,0.0,0.0,1.0,0.0,0.0,0.0,0.0,0.0,0.0,0.0,0.0,0.0,0.0,0.0,0.0,0.0,0.0,0.0,0.0,0.0,0.0,0.0,0.0,0.0,0.0,0.0,0.0
9.0,1.0,SR370,['https://cdn.tous.com/media/catalog/product/cache/image/512x512/9df78eab33525d08d6e5fb8d27136e95/5/1/515900153.jpg'],0.0,0.0,0.0,0.0,0.0,1.0,0.0,0.0,1.0,0.0,0.0,0.0,0.0,0.0,0.0,1.0,0.0,0.0,0.0,0.0,0.0,0.0,0.0,0.0,0.0,0.0,0.0,0.0,0.0,0.0,0.0,0.0,0.0,0.0,0.0,0.0,0.0,0.0,0.0,0.0
10.0,1.0,SR485,['https://cdn.tous.com/media/catalog/product/cache/image/512x512/9df78eab33525d08d6e5fb8d27136e95/C/6/C613105500.jpg'],0.0,1.0,0.0,0.0,0.0,0.0,1.0,0.0,1.0,0.0,0.0,0.0,0.0,0.0,0.0,1.0,0.0,0.0,0.0,0.0,0.0,0.0,0.0,0.0,0.0,0.0,0.0,0.0,0.0,0.0,0.0,0.0,0.0,0.0,0.0,0.0,0.0,0.0,0.0,0.0
11.0,1.0,SR650,['https://cdn.tous.com/media/catalog/product/cache/image/512x512/9df78eab33525d08d6e5fb8d27136e95/6/1/613101500.jpg'],1.0,0.0,0.0,0.0,0.0,0.0,1.0,0.0,1.0,0.0,0.0,0.0,0.0,0.0,0.0,1.0,0.0,0.0,0.0,0.0,0.0,0.0,0.0,0.0,0.0,0.0,0.0,0.0,0.0,0.0,0.0,0.0,0.0,0.0,0.0,0.0,0.0,0.0,0.0,0.0
12.0,1.0,SR790,['https://cdn.tous.com/media/catalog/product/cache/image/512x512/9df78eab33525d08d6e5fb8d27136e95/6/1/613101520.jpg'],1.0,0.0,0.0,0.0,0.0,0.0,1.0,0.0,1.0,0.0,0.0,0.0,1.0,1.0,0.0,3.0,1.0,0.0,0.0,0.0,0.0,0.0,0.0,0.0,0.0,0.0,0.0,0.0,0.0,0.0,0.0,0.0,0.0,0.0,0.0,0.0,1.0,0.0,0.0,0.0
13.0,1.0,SR790,['https://cdn.tous.com/media/catalog/product/cache/image/512x512/9df78eab33525d08d6e5fb8d27136e95/6/1/613101510.jpg'],1.0,0.0,0.0,0.0,0.0,0.0,1.0,0.0,1.0,0.0,0.0,0.0,1.0,1.0,0.0,3.0,1.0,0.0,0.0,0.0,0.0,0.0,0.0,0.0,0.0,0.0,0.0,0.0,0.0,0.0,0.0,0.0,0.0,0.0,0.0,0.0,1.0,0.0,0.0,0.0
14.0,1.0,SR320,['https://cdn.tous.com/media/catalog/product/cache/image/512x512/9df78eab33525d08d6e5fb8d27136e95/6/1/615431510.jpg'],1.0,0.0,0.0,0.0,0.0,0.0,0.0,0.0,1.0,0.0,0.0,0.0,0.0,0.0,0.0,1.0,0.0,0.0,0.0,0.0,0.0,0.0,0.0,0.0,0.0,0.0,0.0,0.0,0.0,0.0,0.0,0.0,0.0,0.0,0.0,0.0,0.0,0.0,0.0,0.0
15.0,1.0,SR320,['https://cdn.tous.com/media/catalog/product/cache/image/512x512/9df78eab33525d08d6e5fb8d27136e95/6/1/615431650.jpg'],1.0,0.0,0.0,0.0,0.0,0.0,0.0,0.0,1.0,0.0,0.0,0.0,0.0,0.0,0.0,1.0,0.0,0.0,0.0,0.0,0.0,0.0,0.0,0.0,0.0,0.0,0.0,0.0,0.0,0.0,0.0,0.0,0.0,0.0,0.0,0.0,0.0,0.0,0.0,0.0
16.0,1.0,SR320,['https://cdn.tous.com/media/catalog/product/cache/image/512x512/9df78eab33525d08d6e5fb8d27136e95/6/1/615433580.jpg'],0.0,1.0,0.0,1.0,0.0,0.0,0.0,0.0,1.0,0.0,0.0,0.0,0.0,0.0,0.0,1.0,0.0,0.0,0.0,0.0,0.0,0.0,0.0,0.0,0.0,0.0,0.0,0.0,0.0,0.0,0.0,0.0,0.0,0.0,0.0,0.0,0.0,0.0,0.0,0.0
17.0,1.0,SR410,['https://cdn.tous.com/media/catalog/product/cache/image/512x512/9df78eab33525d08d6e5fb8d27136e95/8/1/815433500.jpg'],0.0,1.0,0.0,1.0,0.0,0.0,0.0,0.0,1.0,0.0,0.0,0.0,0.0,0.0,0.0,1.0,0.0,0.0,0.0,0.0,0.0,0.0,0.0,0.0,0.0,0.0,0.0,0.0,0.0,0.0,0.0,0.0,0.0,0.0,0.0,0.0,0.0,0.0,0.0,0.0
18.0,1.0,SR620,['https://cdn.tous.com/media/catalog/product/cache/image/512x512/9df78eab33525d08d6e5fb8d27136e95/7/1/715433500.jpg'],0.0,1.0,0.0,1.0,0.0,0.0,0.0,0.0,1.0,0.0,0.0,0.0,0.0,0.0,0.0,1.0,0.0,0.0,0.0,0.0,0.0,0.0,0.0,0.0,0.0,0.0,0.0,0.0,0.0,0.0,0.0,0.0,0.0,0.0,0.0,0.0,0.0,0.0,0.0,0.0
19.0,1.0,SR410,['https://cdn.tous.com/media/catalog/product/cache/image/512x512/9df78eab33525d08d6e5fb8d27136e95/1/1/115434540.jpg'],0.0,0.0,1.0,0.0,0.0,0.0,0.0,0.0,1.0,0.0,0.0,0.0,0.0,0.0,0.0,1.0,0.0,0.0,0.0,0.0,0.0,0.0,0.0,0.0,0.0,0.0,0.0,0.0,0.0,0.0,0.0,0.0,0.0,0.0,0.0,0.0,0.0,0.0,0.0,0.0
20.0,1.0,SR410,['https://cdn.tous.com/media/catalog/product/cache/image/512x512/9df78eab33525d08d6e5fb8d27136e95/2/1/215434540.jpg'],0.0,0.0,1.0,0.0,0.0,0.0,0.0,0.0,1.0,0.0,0.0,0.0,0.0,0.0,0.0,1.0,0.0,0.0,0.0,0.0,0.0,0.0,0.0,0.0,0.0,0.0,0.0,0.0,0.0,0.0,0.0,0.0,0.0,0.0,0.0,0.0,0.0,0.0,0.0,0.0
21.0,1.0,SR410,['https://cdn.tous.com/media/catalog/product/cache/image/512x512/9df78eab33525d08d6e5fb8d27136e95/2/1/215434550.jpg'],0.0,0.0,1.0,0.0,0.0,0.0,0.0,0.0,1.0,0.0,0.0,0.0,0.0,0.0,0.0,1.0,0.0,0.0,0.0,0.0,0.0,0.0,0.0,0.0,0.0,0.0,0.0,0.0,0.0,0.0,0.0,0.0,0.0,0.0,0.0,0.0,0.0,0.0,0.0,0.0
22.0,1.0,SR410,['https://cdn.tous.com/media/catalog/product/cache/image/512x512/9df78eab33525d08d6e5fb8d27136e95/6/1/615434570.jpg'],0.0,0.0,1.0,0.0,0.0,0.0,0.0,0.0,1.0,0.0,0.0,0.0,0.0,0.0,0.0,1.0,0.0,0.0,0.0,0.0,0.0,0.0,0.0,0.0,0.0,0.0,0.0,0.0,0.0,0.0,0.0,0.0,1.0,0.0,0.0,0.0,1.0,0.0,0.0,0.0
23.0,1.0,SR410,['https://cdn.tous.com/media/catalog/product/cache/image/512x512/9df78eab33525d08d6e5fb8d27136e95/6/1/615433570.jpg'],0.0,1.0,0.0,1.0,0.0,0.0,0.0,0.0,1.0,0.0,0.0,0.0,0.0,0.0,0.0,1.0,0.0,0.0,0.0,0.0,0.0,0.0,0.0,0.0,0.0,0.0,0.0,0.0,0.0,0.0,0.0,0.0,1.0,0.0,0.0,0.0,1.0,0.0,0.0,0.0
24.0,1.0,SR410,['https://cdn.tous.com/media/catalog/product/cache/image/512x512/9df78eab33525d08d6e5fb8d27136e95/3/1/315113560.jpg'],0.0,1.0,0.0,1.0,0.0,0.0,0.0,0.0,1.0,0.0,0.0,0.0,0.0,0.0,0.0,1.0,0.0,0.0,0.0,0.0,0.0,0.0,0.0,0.0,0.0,0.0,0.0,0.0,0.0,0.0,0.0,0.0,0.0,0.0,0.0,0.0,0.0,0.0,0.0,0.0
25.0,1.0,SR320,['https://cdn.tous.com/media/catalog/product/cache/image/512x512/9df78eab33525d08d6e5fb8d27136e95/6/1/615431670.jpg'],1.0,0.0,0.0,0.0,0.0,0.0,0.0,0.0,1.0,0.0,0.0,0.0,0.0,0.0,0.0,1.0,0.0,0.0,0.0,0.0,0.0,0.0,0.0,0.0,0.0,0.0,0.0,0.0,0.0,0.0,0.0,0.0,0.0,0.0,0.0,0.0,0.0,0.0,0.0,0.0
26.0,1.0,SR370,['https://cdn.tous.com/media/catalog/product/cache/image/512x512/9df78eab33525d08d6e5fb8d27136e95/5/1/517094500.jpg'],0.0,0.0,1.0,0.0,0.0,0.0,0.0,0.0,1.0,0.0,0.0,0.0,0.0,0.0,0.0,1.0,0.0,0.0,0.0,0.0,0.0,0.0,0.0,0.0,0.0,0.0,0.0,0.0,0.0,0.0,0.0,0.0,0.0,0.0,0.0,0.0,0.0,0.0,0.0,0.0
27.0,1.0,SR370,['https://cdn.tous.com/media/catalog/product/cache/image/512x512/9df78eab33525d08d6e5fb8d27136e95/6/1/615270135.jpg'],0.0,1.0,0.0,1.0,0.0,0.0,0.0,0.0,1.0,0.0,0.0,0.0,0.0,0.0,0.0,1.0,0.0,0.0,0.0,0.0,0.0,0.0,0.0,0.0,0.0,0.0,0.0,0.0,0.0,0.0,0.0,0.0,0.0,0.0,0.0,0.0,0.0,0.0,0.0,0.0
28.0,1.0,SR650,['https://cdn.tous.com/media/catalog/product/cache/image/512x512/9df78eab33525d08d6e5fb8d27136e95/2/1/215906530.jpg'],0.0,0.0,0.0,0.0,0.0,0.0,0.0,0.0,1.0,0.0,0.0,0.0,0.0,0.0,0.0,1.0,0.0,0.0,0.0,0.0,0.0,0.0,0.0,0.0,0.0,0.0,0.0,0.0,0.0,0.0,0.0,0.0,0.0,0.0,0.0,0.0,0.0,0.0,0.0,0.0
29.0,1.0,SR320,['https://cdn.tous.com/media/catalog/product/cache/image/512x512/9df78eab33525d08d6e5fb8d27136e95/7/1/712293500.jpg'],0.0,1.0,0.0,1.0,0.0,0.0,0.0,0.0,1.0,0.0,0.0,0.0,0.0,0.0,0.0,1.0,0.0,0.0,0.0,0.0,0.0,0.0,0.0,0.0,0.0,0.0,0.0,0.0,0.0,0.0,0.0,0.0,0.0,0.0,0.0,0.0,0.0,0.0,0.0,0.0
30.0,1.0,SR410,['https://cdn.tous.com/media/catalog/product/cache/image/512x512/9df78eab33525d08d6e5fb8d27136e95/C/5/C515915500.jpg'],0.0,1.0,0.0,0.0,0.0,0.0,0.0,0.0,1.0,0.0,0.0,0.0,0.0,0.0,0.0,1.0,0.0,0.0,0.0,0.0,0.0,0.0,0.0,0.0,0.0,0.0,0.0,0.0,0.0,0.0,0.0,0.0,0.0,0.0,0.0,0.0,0.0,0.0,0.0,0.0
31.0,1.0,SR820,['https://cdn.tous.com/media/catalog/product/cache/image/512x512/9df78eab33525d08d6e5fb8d27136e95/7/1/711900031.jpg'],1.0,0.0,0.0,0.0,0.0,0.0,0.0,0.0,1.0,0.0,0.0,0.0,0.0,0.0,0.0,1.0,0.0,0.0,0.0,0.0,0.0,0.0,0.0,0.0,0.0,0.0,0.0,0.0,0.0,0.0,0.0,0.0,0.0,0.0,0.0,0.0,0.0,0.0,0.0,0.0
32.0,1.0,"SR1,600",['https://cdn.tous.com/media/catalog/product/cache/image/512x512/9df78eab33525d08d6e5fb8d27136e95/0/1/015921020.jpg'],1.0,0.0,0.0,0.0,0.0,0.0,0.0,1.0,0.0,0.0,0.0,0.0,0.0,0.0,0.0,1.0,0.0,0.0,0.0,0.0,0.0,0.0,0.0,0.0,0.0,0.0,0.0,0.0,0.0,0.0,0.0,0.0,0.0,0.0,0.0,0.0,0.0,0.0,0.0,0.0
33.0,1.0,SR455,['https://cdn.tous.com/media/catalog/product/cache/image/512x512/9df78eab33525d08d6e5fb8d27136e95/5/1/516981500.jpg'],1.0,0.0,0.0,0.0,0.0,0.0,0.0,0.0,1.0,0.0,0.0,0.0,0.0,0.0,0.0,1.0,0.0,0.0,0.0,0.0,0.0,0.0,0.0,0.0,0.0,0.0,0.0,0.0,0.0,0.0,0.0,0.0,0.0,0.0,0.0,0.0,0.0,0.0,0.0,0.0
34.0,1.0,SR239,['https://cdn.tous.com/media/catalog/product/cache/image/512x512/9df78eab33525d08d6e5fb8d27136e95/2/1/216141520.jpg'],1.0,0.0,0.0,0.0,0.0,0.0,0.0,0.0,0.0,0.0,0.0,0.0,0.0,1.0,0.0,1.0,0.0,0.0,0.0,0.0,0.0,0.0,0.0,0.0,0.0,0.0,0.0,0.0,0.0,0.0,0.0,0.0,0.0,0.0,0.0,0.0,0.0,0.0,0.0,0.0
35.0,1.0,SR485,['https://cdn.tous.com/media/catalog/product/cache/image/512x512/9df78eab33525d08d6e5fb8d27136e95/7/1/712341500.jpg'],1.0,0.0,0.0,0.0,0.0,0.0,0.0,0.0,1.0,0.0,0.0,0.0,0.0,0.0,0.0,1.0,0.0,0.0,0.0,0.0,0.0,0.0,0.0,0.0,0.0,0.0,0.0,0.0,0.0,0.0,0.0,0.0,0.0,0.0,0.0,0.0,0.0,0.0,0.0,0.0
36.0,1.0,SR540,['https://cdn.tous.com/media/catalog/product/cache/image/512x512/9df78eab33525d08d6e5fb8d27136e95/7/1/712342560.jpg'],0.0,0.0,1.0,0.0,0.0,0.0,0.0,0.0,1.0,0.0,0.0,0.0,0.0,0.0,0.0,1.0,0.0,0.0,0.0,0.0,0.0,0.0,0.0,0.0,0.0,0.0,0.0,0.0,0.0,0.0,0.0,0.0,0.0,0.0,0.0,0.0,0.0,0.0,0.0,0.0
37.0,1.0,SR485,['https://cdn.tous.com/media/catalog/product/cache/image/512x512/9df78eab33525d08d6e5fb8d27136e95/7/1/712342520.jpg'],0.0,0.0,1.0,0.0,0.0,0.0,0.0,0.0,1.0,0.0,0.0,0.0,1.0,0.0,0.0,2.0,0.0,0.0,0.0,0.0,0.0,0.0,0.0,0.0,0.0,0.0,0.0,0.0,0.0,0.0,0.0,0.0,0.0,0.0,0.0,0.0,0.0,0.0,0.0,0.0
38.0,1.0,SR650,['https://cdn.tous.com/media/catalog/product/cache/image/512x512/9df78eab33525d08d6e5fb8d27136e95/7/1/712163570.jpg'],0.0,1.0,0.0,1.0,0.0,0.0,0.0,0.0,1.0,0.0,0.0,0.0,1.0,0.0,0.0,2.0,1.0,0.0,0.0,0.0,0.0,0.0,0.0,0.0,0.0,0.0,0.0,0.0,0.0,0.0,0.0,0.0,0.0,0.0,0.0,0.0,1.0,0.0,0.0,0.0
39.0,1.0,SR165,['https://cdn.tous.com/media/catalog/product/cache/image/512x512/9df78eab33525d08d6e5fb8d27136e95/7/1/712314510.jpg'],0.0,0.0,0.0,0.0,0.0,1.0,0.0,0.0,1.0,0.0,0.0,0.0,1.0,0.0,0.0,2.0,0.0,0.0,0.0,0.0,0.0,0.0,0.0,0.0,0.0,0.0,0.0,0.0,0.0,0.0,0.0,0.0,0.0,0.0,0.0,0.0,0.0,0.0,0.0,0.0
40.0,1.0,SR210,['https://cdn.tous.com/media/catalog/product/cache/image/512x512/9df78eab33525d08d6e5fb8d27136e95/7/1/712314540.jpg'],0.0,0.0,0.0,0.0,0.0,1.0,0.0,0.0,1.0,0.0,0.0,0.0,1.0,0.0,0.0,2.0,0.0,0.0,0.0,0.0,0.0,0.0,0.0,0.0,0.0,0.0,0.0,0.0,1.0,0.0,0.0,0.0,0.0,0.0,0.0,0.0,1.0,0.0,1.0,1.0
41.0,1.0,SR210,['https://cdn.tous.com/media/catalog/product/cache/image/512x512/9df78eab33525d08d6e5fb8d27136e95/7/1/712314600.jpg'],0.0,0.0,0.0,0.0,0.0,1.0,0.0,0.0,1.0,0.0,0.0,0.0,1.0,0.0,0.0,2.0,1.0,0.0,0.0,0.0,0.0,0.0,0.0,0.0,0.0,0.0,0.0,0.0,1.0,0.0,0.0,0.0,0.0,0.0,0.0,0.0,2.0,0.0,0.0,0.0
42.0,1.0,SR165,['https://cdn.tous.com/media/catalog/product/cache/image/512x512/9df78eab33525d08d6e5fb8d27136e95/7/1/712314630.jpg'],0.0,0.0,0.0,0.0,0.0,1.0,0.0,0.0,1.0,0.0,0.0,0.0,0.0,0.0,0.0,1.0,1.0,0.0,0.0,0.0,0.0,0.0,0.0,0.0,0.0,0.0,0.0,0.0,1.0,0.0,0.0,0.0,0.0,0.0,0.0,0.0,2.0,0.0,0.0,0.0
43.0,1.0,SR165,['https://cdn.tous.com/media/catalog/product/cache/image/512x512/9df78eab33525d08d6e5fb8d27136e95/7/1/712314640.jpg'],0.0,0.0,0.0,0.0,0.0,1.0,0.0,0.0,1.0,0.0,0.0,0.0,0.0,0.0,0.0,1.0,0.0,0.0,0.0,0.0,0.0,0.0,0.0,0.0,0.0,0.0,0.0,0.0,0.0,0.0,0.0,0.0,0.0,0.0,0.0,0.0,0.0,0.0,1.0,1.0
44.0,1.0,SR279,['https://cdn.tous.com/media/catalog/product/cache/image/512x512/9df78eab33525d08d6e5fb8d27136e95/6/1/617091020.jpg'],1.0,0.0,0.0,0.0,0.0,0.0,0.0,1.0,0.0,0.0,0.0,0.0,0.0,0.0,0.0,1.0,0.0,0.0,0.0,0.0,0.0,0.0,0.0,0.0,0.0,0.0,0.0,0.0,0.0,0.0,0.0,0.0,0.0,0.0,0.0,0.0,0.0,0.0,0.0,0.0
45.0,1.0,SR279,['https://cdn.tous.com/media/catalog/product/cache/image/512x512/9df78eab33525d08d6e5fb8d27136e95/6/1/617091010.jpg'],1.0,0.0,0.0,0.0,0.0,0.0,0.0,1.0,0.0,0.0,0.0,0.0,0.0,0.0,0.0,1.0,1.0,0.0,0.0,0.0,0.0,0.0,0.0,0.0,0.0,0.0,0.0,0.0,0.0,0.0,0.0,0.0,0.0,0.0,0.0,0.0,1.0,0.0,0.0,0.0
46.0,1.0,SR279,['https://cdn.tous.com/media/catalog/product/cache/image/512x512/9df78eab33525d08d6e5fb8d27136e95/6/1/617091030.jpg'],1.0,0.0,0.0,0.0,0.0,0.0,0.0,1.0,0.0,0.0,0.0,0.0,0.0,0.0,0.0,1.0,0.0,0.0,0.0,0.0,0.0,0.0,0.0,0.0,0.0,0.0,0.0,0.0,0.0,0.0,0.0,0.0,0.0,0.0,0.0,0.0,0.0,0.0,0.0,0.0
47.0,1.0,SR289,['https://cdn.tous.com/media/catalog/product/cache/image/512x512/9df78eab33525d08d6e5fb8d27136e95/9/1/913031560.jpg'],1.0,0.0,0.0,0.0,0.0,0.0,0.0,0.0,1.0,0.0,0.0,0.0,0.0,0.0,0.0,1.0,1.0,0.0,0.0,0.0,0.0,0.0,0.0,0.0,0.0,0.0,0.0,0.0,0.0,0.0,0.0,0.0,0.0,0.0,0.0,0.0,1.0,0.0,0.0,0.0
48.0,1.0,SR570,['https://cdn.tous.com/media/catalog/product/cache/image/512x512/9df78eab33525d08d6e5fb8d27136e95/0/1/015901540.jpg'],1.0,0.0,0.0,0.0,0.0,0.0,0.0,0.0,1.0,0.0,0.0,0.0,0.0,0.0,0.0,1.0,0.0,0.0,0.0,0.0,0.0,0.0,0.0,0.0,0.0,0.0,0.0,0.0,0.0,0.0,0.0,0.0,0.0,0.0,0.0,0.0,0.0,0.0,0.0,0.0
49.0,0.0,SR740,['https://cdn.tous.com/media/catalog/product/cache/image/512x512/9df78eab33525d08d6e5fb8d27136e95/9/1/914051500.jpg'],1.0,0.0,0.0,0.0,0.0,0.0,0.0,0.0,1.0,0.0,0.0,0.0,0.0,0.0,0.0,1.0,0.0,0.0,0.0,0.0,0.0,0.0,0.0,0.0,0.0,0.0,0.0,0.0,0.0,0.0,0.0,0.0,0.0,0.0,0.0,0.0,0.0,0.0,0.0,0.0
50.0,0.0,SR820,['https://cdn.tous.com/media/catalog/product/cache/image/512x512/9df78eab33525d08d6e5fb8d27136e95/9/1/914051510.jpg'],1.0,0.0,0.0,0.0,0.0,0.0,0.0,1.0,0.0,0.0,0.0,0.0,1.0,0.0,0.0,2.0,0.0,0.0,0.0,0.0,0.0,0.0,0.0,0.0,0.0,0.0,0.0,0.0,0.0,0.0,0.0,0.0,0.0,0.0,0.0,0.0,0.0,0.0,0.0,0.0
51.0,0.0,SR740,['https://cdn.tous.com/media/catalog/product/cache/image/512x512/9df78eab33525d08d6e5fb8d27136e95/9/1/914154020.jpg'],1.0,0.0,0.0,0.0,0.0,0.0,0.0,1.0,0.0,0.0,0.0,0.0,0.0,0.0,0.0,1.0,1.0,0.0,0.0,0.0,0.0,0.0,0.0,0.0,0.0,0.0,0.0,0.0,0.0,0.0,0.0,0.0,0.0,0.0,0.0,0.0,1.0,0.0,0.0,0.0
52.0,0.0,SR790,['https://cdn.tous.com/media/catalog/product/cache/image/512x512/9df78eab33525d08d6e5fb8d27136e95/9/1/914151500.jpg'],1.0,0.0,0.0,0.0,0.0,0.0,0.0,1.0,0.0,0.0,0.0,0.0,1.0,0.0,0.0,2.0,0.0,0.0,0.0,0.0,0.0,0.0,0.0,0.0,0.0,0.0,0.0,0.0,0.0,0.0,0.0,0.0,0.0,0.0,0.0,0.0,0.0,0.0,1.0,1.0
53.0,0.0,SR740,['https://cdn.tous.com/media/catalog/product/cache/image/512x512/9df78eab33525d08d6e5fb8d27136e95/9/1/914151530.jpg'],1.0,0.0,0.0,0.0,0.0,0.0,0.0,0.0,1.0,0.0,0.0,0.0,0.0,0.0,0.0,1.0,0.0,0.0,0.0,0.0,0.0,0.0,0.0,0.0,0.0,0.0,0.0,0.0,0.0,0.0,0.0,0.0,0.0,0.0,0.0,0.0,0.0,0.0,0.0,0.0
54.0,0.0,SR485,['https://cdn.tous.com/media/catalog/product/cache/image/512x512/9df78eab33525d08d6e5fb8d27136e95/9/1/914151520.jpg'],1.0,0.0,0.0,0.0,0.0,0.0,0.0,0.0,1.0,0.0,0.0,0.0,0.0,0.0,0.0,1.0,1.0,0.0,0.0,0.0,0.0,0.0,0.0,0.0,0.0,0.0,0.0,0.0,0.0,0.0,0.0,0.0,0.0,0.0,0.0,0.0,1.0,0.0,0.0,0.0
55.0,0.0,SR790,['https://cdn.tous.com/media/catalog/product/cache/image/512x512/9df78eab33525d08d6e5fb8d27136e95/9/1/914151510.jpg'],1.0,0.0,0.0,0.0,0.0,0.0,0.0,1.0,0.0,0.0,0.0,0.0,1.0,0.0,0.0,2.0,1.0,0.0,0.0,0.0,0.0,0.0,0.0,0.0,0.0,0.0,0.0,0.0,0.0,0.0,0.0,0.0,0.0,0.0,0.0,0.0,1.0,0.0,1.0,1.0
56.0,0.0,SR740,['https://cdn.tous.com/media/catalog/product/cache/image/512x512/9df78eab33525d08d6e5fb8d27136e95/9/1/915301620.jpg'],1.0,0.0,0.0,0.0,0.0,0.0,0.0,1.0,0.0,0.0,0.0,0.0,1.0,0.0,0.0,2.0,0.0,0.0,0.0,0.0,0.0,0.0,0.0,0.0,0.0,0.0,0.0,0.0,0.0,0.0,0.0,0.0,0.0,0.0,0.0,0.0,0.0,0.0,1.0,1.0
57.0,0.0,SR740,['https://cdn.tous.com/media/catalog/product/cache/image/512x512/9df78eab33525d08d6e5fb8d27136e95/9/1/915301610.jpg'],1.0,0.0,0.0,0.0,0.0,0.0,0.0,1.0,0.0,0.0,0.0,0.0,1.0,0.0,0.0,2.0,0.0,0.0,0.0,0.0,0.0,0.0,0.0,0.0,0.0,0.0,0.0,0.0,0.0,0.0,0.0,0.0,0.0,0.0,1.0,0.0,1.0,0.0,1.0,1.0
58.0,0.0,SR980,['https://cdn.tous.com/media/catalog/product/cache/image/512x512/9df78eab33525d08d6e5fb8d27136e95/9/1/915301590.jpg'],1.0,0.0,0.0,0.0,0.0,0.0,0.0,1.0,0.0,0.0,0.0,0.0,1.0,0.0,0.0,2.0,0.0,0.0,0.0,0.0,0.0,0.0,0.0,0.0,0.0,0.0,0.0,0.0,0.0,0.0,0.0,0.0,0.0,1.0,0.0,0.0,1.0,0.0,0.0,0.0
59.0,0.0,SR455,['https://cdn.tous.com/media/catalog/product/cache/image/512x512/9df78eab33525d08d6e5fb8d27136e95/9/1/915301580.jpg'],1.0,0.0,0.0,0.0,0.0,0.0,0.0,0.0,1.0,0.0,0.0,0.0,0.0,0.0,0.0,1.0,0.0,0.0,0.0,0.0,0.0,0.0,0.0,0.0,0.0,0.0,0.0,0.0,0.0,0.0,0.0,0.0,0.0,0.0,0.0,0.0,0.0,0.0,0.0,0.0
60.0,0.0,SR410,['https://cdn.tous.com/media/catalog/product/cache/image/512x512/9df78eab33525d08d6e5fb8d27136e95/9/1/915301570.jpg'],1.0,0.0,0.0,0.0,0.0,0.0,0.0,0.0,1.0,0.0,0.0,0.0,0.0,0.0,0.0,1.0,0.0,0.0,0.0,0.0,0.0,0.0,0.0,0.0,0.0,0.0,0.0,0.0,0.0,0.0,0.0,0.0,0.0,0.0,0.0,0.0,0.0,0.0,0.0,0.0
61.0,0.0,SR410,['https://cdn.tous.com/media/catalog/product/cache/image/512x512/9df78eab33525d08d6e5fb8d27136e95/9/1/915301560.jpg'],1.0,0.0,0.0,0.0,0.0,0.0,0.0,0.0,1.0,0.0,0.0,0.0,0.0,0.0,0.0,1.0,0.0,0.0,0.0,0.0,0.0,0.0,0.0,0.0,0.0,0.0,0.0,0.0,0.0,0.0,0.0,0.0,0.0,0.0,0.0,0.0,0.0,0.0,0.0,0.0
62.0,0.0,SR410,['https://cdn.tous.com/media/catalog/product/cache/image/512x512/9df78eab33525d08d6e5fb8d27136e95/9/1/915301540.jpg'],1.0,0.0,0.0,0.0,0.0,0.0,0.0,0.0,1.0,0.0,0.0,0.0,0.0,0.0,0.0,1.0,0.0,0.0,0.0,0.0,0.0,0.0,0.0,0.0,0.0,0.0,0.0,0.0,0.0,0.0,0.0,0.0,0.0,0.0,0.0,0.0,0.0,0.0,0.0,0.0
63.0,0.0,"SR1,100",['https://cdn.tous.com/media/catalog/product/cache/image/512x512/9df78eab33525d08d6e5fb8d27136e95/9/1/915301530.jpg'],1.0,0.0,0.0,0.0,0.0,0.0,0.0,1.0,0.0,0.0,0.0,0.0,1.0,0.0,0.0,2.0,0.0,0.0,0.0,0.0,0.0,0.0,0.0,0.0,0.0,0.0,0.0,0.0,0.0,0.0,0.0,0.0,0.0,1.0,0.0,0.0,1.0,0.0,0.0,0.0
64.0,0.0,SR980,['https://cdn.tous.com/media/catalog/product/cache/image/512x512/9df78eab33525d08d6e5fb8d27136e95/9/1/915301520.jpg'],1.0,0.0,0.0,0.0,0.0,0.0,0.0,1.0,0.0,0.0,0.0,0.0,1.0,0.0,0.0,2.0,0.0,0.0,0.0,0.0,0.0,0.0,0.0,0.0,0.0,0.0,0.0,0.0,0.0,0.0,0.0,0.0,0.0,1.0,0.0,0.0,1.0,0.0,0.0,0.0
65.0,0.0,SR950,['https://cdn.tous.com/media/catalog/product/cache/image/512x512/9df78eab33525d08d6e5fb8d27136e95/9/1/915301510.jpg'],1.0,0.0,0.0,0.0,0.0,0.0,0.0,1.0,0.0,0.0,0.0,0.0,1.0,0.0,0.0,2.0,0.0,0.0,0.0,0.0,0.0,0.0,0.0,0.0,0.0,0.0,0.0,0.0,0.0,0.0,0.0,0.0,0.0,1.0,0.0,0.0,1.0,0.0,0.0,0.0
66.0,0.0,SR995,['https://cdn.tous.com/media/catalog/product/cache/image/512x512/9df78eab33525d08d6e5fb8d27136e95/9/1/915301030.jpg'],1.0,0.0,0.0,0.0,0.0,0.0,0.0,1.0,0.0,0.0,0.0,0.0,0.0,0.0,0.0,1.0,1.0,0.0,0.0,0.0,0.0,0.0,0.0,0.0,0.0,0.0,0.0,0.0,0.0,0.0,0.0,0.0,0.0,0.0,0.0,0.0,1.0,0.0,0.0,0.0
67.0,0.0,"SR1,400",['https://cdn.tous.com/media/catalog/product/cache/image/512x512/9df78eab33525d08d6e5fb8d27136e95/9/1/915301020.jpg'],1.0,0.0,0.0,0.0,0.0,0.0,0.0,1.0,0.0,0.0,0.0,0.0,0.0,0.0,0.0,1.0,0.0,0.0,0.0,0.0,0.0,0.0,0.0,0.0,0.0,0.0,0.0,0.0,0.0,0.0,0.0,0.0,0.0,0.0,0.0,0.0,0.0,0.0,0.0,0.0
68.0,0.0,"SR2,700",['https://cdn.tous.com/media/catalog/product/cache/image/512x512/9df78eab33525d08d6e5fb8d27136e95/9/1/915301010.jpg'],1.0,0.0,0.0,0.0,0.0,0.0,0.0,1.0,0.0,0.0,0.0,0.0,0.0,0.0,0.0,1.0,0.0,0.0,0.0,0.0,0.0,0.0,0.0,0.0,0.0,0.0,0.0,0.0,0.0,0.0,0.0,0.0,0.0,0.0,0.0,0.0,0.0,1.0,0.0,1.0
69.0,0.0,SR740,['https://cdn.tous.com/media/catalog/product/cache/image/512x512/9df78eab33525d08d6e5fb8d27136e95/9/1/918571560.jpg'],1.0,0.0,0.0,0.0,0.0,0.0,0.0,0.0,0.0,0.0,0.0,0.0,0.0,1.0,0.0,1.0,0.0,0.0,0.0,0.0,0.0,0.0,0.0,0.0,0.0,0.0,0.0,0.0,0.0,0.0,0.0,0.0,0.0,0.0,0.0,0.0,0.0,0.0,0.0,0.0
70.0,0.0,SR485,['https://cdn.tous.com/media/catalog/product/cache/image/512x512/9df78eab33525d08d6e5fb8d27136e95/9/1/918571540.jpg'],1.0,0.0,0.0,0.0,0.0,0.0,0.0,0.0,1.0,0.0,0.0,0.0,0.0,0.0,0.0,1.0,1.0,0.0,0.0,0.0,0.0,0.0,0.0,0.0,0.0,0.0,0.0,0.0,0.0,0.0,0.0,0.0,0.0,0.0,0.0,0.0,1.0,0.0,0.0,0.0
71.0,0.0,SR570,['https://cdn.tous.com/media/catalog/product/cache/image/512x512/9df78eab33525d08d6e5fb8d27136e95/9/1/918571530.jpg'],1.0,0.0,0.0,0.0,0.0,0.0,0.0,0.0,1.0,0.0,0.0,0.0,0.0,0.0,0.0,1.0,1.0,0.0,0.0,0.0,0.0,0.0,0.0,0.0,0.0,0.0,0.0,0.0,0.0,0.0,0.0,0.0,0.0,0.0,0.0,0.0,1.0,0.0,0.0,0.0
72.0,0.0,SR410,['https://cdn.tous.com/media/catalog/product/cache/image/512x512/9df78eab33525d08d6e5fb8d27136e95/9/1/918571520.jpg'],1.0,0.0,0.0,0.0,0.0,0.0,0.0,0.0,0.0,0.0,0.0,0.0,0.0,1.0,0.0,1.0,0.0,0.0,0.0,0.0,0.0,0.0,0.0,0.0,0.0,0.0,0.0,0.0,0.0,0.0,0.0,0.0,0.0,0.0,0.0,0.0,0.0,0.0,0.0,0.0
73.0,0.0,SR960,['https://cdn.tous.com/media/catalog/product/cache/image/512x512/9df78eab33525d08d6e5fb8d27136e95/8/1/812451620.jpg'],1.0,0.0,0.0,0.0,0.0,0.0,0.0,1.0,0.0,0.0,0.0,1.0,1.0,1.0,0.0,4.0,1.0,0.0,0.0,0.0,0.0,0.0,0.0,0.0,0.0,0.0,0.0,0.0,0.0,0.0,0.0,0.0,0.0,0.0,0.0,0.0,1.0,0.0,0.0,0.0
74.0,0.0,SR960,['https://cdn.tous.com/media/catalog/product/cache/image/512x512/9df78eab33525d08d6e5fb8d27136e95/8/1/812451610.jpg'],1.0,0.0,0.0,0.0,0.0,0.0,0.0,1.0,0.0,0.0,0.0,1.0,1.0,1.0,0.0,4.0,0.0,0.0,0.0,0.0,0.0,0.0,0.0,0.0,0.0,0.0,0.0,0.0,0.0,0.0,0.0,0.0,0.0,0.0,0.0,1.0,1.0,0.0,0.0,0.0
75.0,0.0,SR790,['https://cdn.tous.com/media/catalog/product/cache/image/512x512/9df78eab33525d08d6e5fb8d27136e95/8/1/812451600.jpg'],1.0,0.0,0.0,0.0,0.0,0.0,0.0,1.0,0.0,0.0,0.0,0.0,1.0,0.0,0.0,2.0,1.0,0.0,0.0,0.0,0.0,0.0,0.0,0.0,0.0,0.0,0.0,0.0,0.0,0.0,0.0,0.0,0.0,0.0,0.0,0.0,1.0,0.0,0.0,0.0
76.0,0.0,SR790,['https://cdn.tous.com/media/catalog/product/cache/image/512x512/9df78eab33525d08d6e5fb8d27136e95/8/1/812451590.jpg'],1.0,0.0,0.0,0.0,0.0,0.0,0.0,1.0,0.0,0.0,0.0,1.0,1.0,1.0,0.0,4.0,0.0,0.0,0.0,0.0,0.0,0.0,0.0,0.0,0.0,0.0,0.0,0.0,0.0,0.0,0.0,0.0,0.0,0.0,0.0,1.0,1.0,0.0,0.0,0.0
77.0,0.0,SR560,['https://cdn.tous.com/media/catalog/product/cache/image/512x512/9df78eab33525d08d6e5fb8d27136e95/8/1/812451580.jpg'],1.0,0.0,0.0,0.0,0.0,0.0,0.0,0.0,1.0,0.0,0.0,0.0,0.0,0.0,0.0,1.0,0.0,0.0,0.0,0.0,0.0,0.0,0.0,0.0,0.0,0.0,0.0,0.0,0.0,0.0,0.0,0.0,0.0,0.0,0.0,0.0,0.0,0.0,0.0,0.0
78.0,0.0,SR390,['https://cdn.tous.com/media/catalog/product/cache/image/512x512/9df78eab33525d08d6e5fb8d27136e95/8/1/812451570.jpg'],1.0,0.0,0.0,0.0,0.0,0.0,0.0,0.0,1.0,0.0,0.0,0.0,0.0,0.0,0.0,1.0,1.0,0.0,0.0,0.0,0.0,0.0,0.0,0.0,0.0,0.0,0.0,0.0,0.0,0.0,0.0,0.0,0.0,0.0,0.0,0.0,1.0,0.0,0.0,0.0
79.0,0.0,SR890,['https://cdn.tous.com/media/catalog/product/cache/image/512x512/9df78eab33525d08d6e5fb8d27136e95/8/1/812451560.jpg'],1.0,0.0,0.0,0.0,0.0,0.0,0.0,0.0,1.0,0.0,0.0,0.0,0.0,0.0,0.0,1.0,1.0,0.0,0.0,0.0,0.0,0.0,0.0,0.0,0.0,0.0,0.0,0.0,0.0,0.0,0.0,0.0,0.0,0.0,0.0,0.0,1.0,0.0,0.0,0.0
80.0,0.0,SR560,['https://cdn.tous.com/media/catalog/product/cache/image/512x512/9df78eab33525d08d6e5fb8d27136e95/8/1/812451550.jpg'],1.0,0.0,0.0,0.0,0.0,0.0,0.0,0.0,1.0,0.0,0.0,0.0,0.0,0.0,0.0,1.0,1.0,0.0,0.0,0.0,0.0,0.0,0.0,0.0,0.0,0.0,0.0,0.0,0.0,0.0,0.0,0.0,0.0,0.0,0.0,0.0,1.0,0.0,0.0,0.0
81.0,0.0,SR390,['https://cdn.tous.com/media/catalog/product/cache/image/512x512/9df78eab33525d08d6e5fb8d27136e95/8/1/812451540.jpg'],1.0,0.0,0.0,0.0,0.0,0.0,0.0,0.0,1.0,0.0,0.0,0.0,0.0,0.0,0.0,1.0,1.0,0.0,0.0,0.0,0.0,0.0,0.0,0.0,0.0,0.0,0.0,0.0,0.0,0.0,0.0,0.0,0.0,0.0,0.0,0.0,1.0,0.0,0.0,0.0
82.0,0.0,SR660,['https://cdn.tous.com/media/catalog/product/cache/image/512x512/9df78eab33525d08d6e5fb8d27136e95/8/1/812451530.jpg'],1.0,0.0,0.0,0.0,0.0,0.0,0.0,0.0,1.0,0.0,0.0,0.0,0.0,0.0,0.0,1.0,1.0,0.0,0.0,0.0,0.0,0.0,0.0,0.0,0.0,0.0,0.0,0.0,0.0,0.0,0.0,0.0,0.0,0.0,0.0,0.0,1.0,0.0,0.0,0.0
83.0,0.0,SR455,['https://cdn.tous.com/media/catalog/product/cache/image/512x512/9df78eab33525d08d6e5fb8d27136e95/8/1/812451520.jpg'],1.0,0.0,0.0,0.0,0.0,0.0,0.0,1.0,0.0,0.0,0.0,0.0,1.0,0.0,0.0,2.0,0.0,0.0,0.0,0.0,0.0,0.0,0.0,0.0,0.0,0.0,0.0,0.0,0.0,0.0,0.0,0.0,0.0,0.0,0.0,1.0,1.0,0.0,0.0,0.0
84.0,0.0,SR455,['https://cdn.tous.com/media/catalog/product/cache/image/512x512/9df78eab33525d08d6e5fb8d27136e95/8/1/812451510.jpg'],1.0,0.0,0.0,0.0,0.0,0.0,0.0,1.0,0.0,0.0,0.0,0.0,1.0,0.0,0.0,2.0,1.0,0.0,0.0,0.0,0.0,0.0,0.0,0.0,0.0,0.0,0.0,0.0,0.0,0.0,0.0,0.0,0.0,0.0,0.0,0.0,1.0,0.0,0.0,0.0
85.0,0.0,SR990,['https://cdn.tous.com/media/catalog/product/cache/image/512x512/9df78eab33525d08d6e5fb8d27136e95/8/1/812451500.jpg'],1.0,0.0,0.0,0.0,0.0,0.0,0.0,1.0,0.0,0.0,0.0,0.0,1.0,0.0,0.0,2.0,0.0,0.0,0.0,0.0,0.0,0.0,0.0,0.0,0.0,0.0,0.0,0.0,0.0,0.0,0.0,0.0,0.0,1.0,0.0,0.0,1.0,0.0,0.0,0.0
86.0,0.0,"SR2,800",['https://cdn.tous.com/media/catalog/product/cache/image/512x512/9df78eab33525d08d6e5fb8d27136e95/8/1/812451030.jpg'],1.0,0.0,0.0,0.0,0.0,0.0,0.0,1.0,0.0,0.0,0.0,0.0,0.0,0.0,0.0,1.0,1.0,0.0,0.0,0.0,0.0,0.0,0.0,0.0,0.0,0.0,0.0,0.0,0.0,0.0,0.0,0.0,0.0,1.0,0.0,0.0,2.0,0.0,0.0,0.0
87.0,0.0,"SR1,800",['https://cdn.tous.com/media/catalog/product/cache/image/512x512/9df78eab33525d08d6e5fb8d27136e95/9/1/913041100.jpg'],1.0,0.0,0.0,0.0,0.0,0.0,0.0,1.0,0.0,0.0,0.0,0.0,0.0,0.0,0.0,1.0,0.0,0.0,0.0,0.0,0.0,0.0,0.0,0.0,0.0,0.0,0.0,0.0,0.0,0.0,0.0,0.0,0.0,0.0,0.0,0.0,0.0,0.0,0.0,0.0
88.0,0.0,SR289,['https://cdn.tous.com/media/catalog/product/cache/image/512x512/9df78eab33525d08d6e5fb8d27136e95/9/1/913031560.jpg'],1.0,0.0,0.0,0.0,0.0,0.0,0.0,0.0,1.0,0.0,0.0,0.0,0.0,0.0,0.0,1.0,1.0,0.0,0.0,0.0,0.0,0.0,0.0,0.0,0.0,0.0,0.0,0.0,0.0,0.0,0.0,0.0,0.0,0.0,0.0,0.0,1.0,0.0,0.0,0.0
89.0,0.0,SR289,['https://cdn.tous.com/media/catalog/product/cache/image/512x512/9df78eab33525d08d6e5fb8d27136e95/9/1/913031550.jpg'],1.0,0.0,0.0,0.0,0.0,0.0,0.0,0.0,1.0,0.0,0.0,0.0,0.0,0.0,0.0,1.0,1.0,0.0,0.0,0.0,0.0,0.0,0.0,0.0,0.0,0.0,0.0,0.0,0.0,0.0,0.0,0.0,0.0,0.0,0.0,0.0,1.0,0.0,0.0,0.0
90.0,0.0,"SR1,600",['https://cdn.tous.com/media/catalog/product/cache/image/512x512/9df78eab33525d08d6e5fb8d27136e95/9/1/913001140.jpg'],1.0,0.0,0.0,0.0,0.0,0.0,0.0,1.0,0.0,0.0,0.0,0.0,0.0,0.0,0.0,1.0,0.0,0.0,0.0,0.0,0.0,0.0,0.0,0.0,0.0,0.0,0.0,0.0,0.0,0.0,0.0,0.0,0.0,0.0,0.0,0.0,0.0,0.0,0.0,0.0
91.0,0.0,"SR1,600",['https://cdn.tous.com/media/catalog/product/cache/image/512x512/9df78eab33525d08d6e5fb8d27136e95/9/1/913001120.jpg'],1.0,0.0,0.0,0.0,0.0,0.0,0.0,1.0,0.0,0.0,0.0,0.0,0.0,0.0,0.0,1.0,0.0,0.0,0.0,0.0,0.0,0.0,0.0,0.0,0.0,0.0,0.0,0.0,0.0,0.0,0.0,0.0,0.0,0.0,0.0,0.0,0.0,0.0,0.0,0.0
92.0,0.0,"SR1,600",['https://cdn.tous.com/media/catalog/product/cache/image/512x512/9df78eab33525d08d6e5fb8d27136e95/9/1/913001110.jpg'],1.0,0.0,0.0,0.0,0.0,0.0,0.0,1.0,0.0,0.0,0.0,0.0,0.0,0.0,0.0,1.0,0.0,0.0,0.0,0.0,0.0,0.0,0.0,0.0,0.0,0.0,0.0,0.0,0.0,0.0,0.0,0.0,0.0,0.0,0.0,0.0,0.0,0.0,0.0,0.0
93.0,0.0,"SR1,700",['https://cdn.tous.com/media/catalog/product/cache/image/512x512/9df78eab33525d08d6e5fb8d27136e95/9/1/913001100.jpg'],1.0,0.0,0.0,0.0,0.0,0.0,0.0,1.0,0.0,0.0,0.0,0.0,0.0,0.0,0.0,1.0,0.0,0.0,0.0,0.0,0.0,0.0,0.0,0.0,0.0,0.0,0.0,0.0,0.0,0.0,0.0,0.0,0.0,0.0,0.0,0.0,0.0,0.0,0.0,0.0
94.0,0.0,SR410,['https://cdn.tous.com/media/catalog/product/cache/image/512x512/9df78eab33525d08d6e5fb8d27136e95/9/1/912721510.jpg'],1.0,0.0,0.0,0.0,0.0,0.0,0.0,0.0,1.0,0.0,0.0,0.0,0.0,0.0,0.0,1.0,0.0,0.0,0.0,0.0,0.0,0.0,0.0,0.0,0.0,0.0,0.0,0.0,0.0,0.0,0.0,0.0,0.0,0.0,0.0,0.0,0.0,0.0,0.0,0.0
95.0,0.0,SR980,['https://cdn.tous.com/media/catalog/product/cache/image/512x512/9df78eab33525d08d6e5fb8d27136e95/9/1/912721500.jpg'],1.0,0.0,0.0,0.0,0.0,0.0,0.0,1.0,0.0,0.0,0.0,0.0,1.0,0.0,0.0,2.0,0.0,0.0,0.0,0.0,0.0,0.0,0.0,0.0,0.0,0.0,0.0,0.0,0.0,0.0,0.0,0.0,0.0,1.0,0.0,0.0,1.0,0.0,0.0,0.0
96.0,0.0,SR740,['https://cdn.tous.com/media/catalog/product/cache/image/512x512/9df78eab33525d08d6e5fb8d27136e95/9/1/911901880.jpg'],0.0,0.0,0.0,0.0,0.0,0.0,0.0,0.0,1.0,0.0,0.0,0.0,0.0,0.0,0.0,1.0,0.0,0.0,0.0,0.0,0.0,0.0,0.0,0.0,0.0,0.0,0.0,0.0,0.0,0.0,0.0,0.0,0.0,0.0,0.0,0.0,0.0,0.0,0.0,0.0
97.0,0.0,"SR1,300",['https://cdn.tous.com/media/catalog/product/cache/image/512x512/9df78eab33525d08d6e5fb8d27136e95/C/9/C918565500.jpg'],0.0,1.0,0.0,0.0,0.0,0.0,0.0,1.0,0.0,0.0,0.0,0.0,1.0,0.0,0.0,2.0,1.0,0.0,0.0,0.0,0.0,0.0,0.0,0.0,0.0,0.0,0.0,0.0,0.0,0.0,0.0,0.0,0.0,0.0,0.0,0.0,1.0,0.0,0.0,0.0
98.0,0.0,SR740,['https://cdn.tous.com/media/catalog/product/cache/image/512x512/9df78eab33525d08d6e5fb8d27136e95/C/9/C918565510.jpg'],0.0,1.0,0.0,0.0,0.0,0.0,0.0,1.0,0.0,0.0,0.0,0.0,1.0,0.0,0.0,2.0,1.0,0.0,0.0,0.0,0.0,0.0,0.0,0.0,0.0,0.0,0.0,0.0,0.0,0.0,0.0,0.0,0.0,0.0,0.0,0.0,1.0,0.0,0.0,0.0
99.0,0.0,SR790,['https://cdn.tous.com/media/catalog/product/cache/image/512x512/9df78eab33525d08d6e5fb8d27136e95/C/9/C918585500.jpg'],0.0,1.0,0.0,0.0,0.0,0.0,0.0,0.0,1.0,0.0,0.0,0.0,1.0,0.0,0.0,2.0,0.0,0.0,0.0,0.0,0.0,0.0,0.0,1.0,0.0,0.0,0.0,0.0,0.0,0.0,0.0,0.0,0.0,0.0,0.0,0.0,1.0,0.0,0.0,0.0
100.0,0.0,SR950,['https://cdn.tous.com/media/catalog/product/cache/image/512x512/9df78eab33525d08d6e5fb8d27136e95/C/9/C918455520.jpg'],0.0,1.0,0.0,0.0,0.0,0.0,0.0,0.0,1.0,0.0,0.0,1.0,0.0,0.0,0.0,2.0,0.0,0.0,0.0,0.0,0.0,0.0,0.0,0.0,0.0,0.0,0.0,0.0,0.0,0.0,0.0,0.0,0.0,0.0,0.0,1.0,1.0,0.0,0.0,0.0
101.0,0.0,SR485,['https://cdn.tous.com/media/catalog/product/cache/image/512x512/9df78eab33525d08d6e5fb8d27136e95/C/9/C918455510.jpg'],0.0,1.0,0.0,0.0,0.0,0.0,0.0,0.0,1.0,0.0,0.0,0.0,0.0,0.0,0.0,1.0,0.0,0.0,0.0,0.0,0.0,0.0,0.0,0.0,0.0,0.0,0.0,0.0,0.0,0.0,0.0,0.0,0.0,0.0,0.0,1.0,1.0,0.0,0.0,0.0
102.0,0.0,SR790,['https://cdn.tous.com/media/catalog/product/cache/image/512x512/9df78eab33525d08d6e5fb8d27136e95/C/9/C918455500.jpg'],0.0,1.0,0.0,0.0,0.0,0.0,0.0,0.0,1.0,0.0,0.0,0.0,0.0,0.0,0.0,1.0,0.0,0.0,0.0,0.0,0.0,0.0,0.0,0.0,0.0,0.0,0.0,0.0,0.0,0.0,0.0,0.0,0.0,0.0,0.0,1.0,1.0,0.0,0.0,0.0
103.0,0.0,SR485,['https://cdn.tous.com/media/catalog/product/cache/image/512x512/9df78eab33525d08d6e5fb8d27136e95/C/9/C918575500.jpg'],0.0,1.0,0.0,0.0,0.0,0.0,0.0,0.0,0.0,0.0,0.0,0.0,0.0,1.0,0.0,1.0,0.0,0.0,0.0,0.0,0.0,0.0,0.0,0.0,0.0,0.0,0.0,0.0,0.0,0.0,0.0,0.0,0.0,0.0,0.0,0.0,0.0,0.0,0.0,0.0
104.0,0.0,SR485,['https://cdn.tous.com/media/catalog/product/cache/image/512x512/9df78eab33525d08d6e5fb8d27136e95/C/9/C912725530.jpg'],0.0,1.0,0.0,0.0,0.0,0.0,0.0,0.0,1.0,0.0,0.0,0.0,0.0,0.0,0.0,1.0,0.0,0.0,0.0,0.0,0.0,0.0,0.0,0.0,0.0,0.0,0.0,0.0,0.0,0.0,0.0,0.0,0.0,0.0,0.0,0.0,0.0,0.0,0.0,0.0
105.0,0.0,SR485,['https://cdn.tous.com/media/catalog/product/cache/image/512x512/9df78eab33525d08d6e5fb8d27136e95/C/9/C915305520.jpg'],0.0,1.0,0.0,0.0,0.0,0.0,0.0,0.0,1.0,0.0,0.0,0.0,0.0,0.0,0.0,1.0,0.0,0.0,0.0,0.0,0.0,0.0,0.0,0.0,0.0,0.0,0.0,0.0,0.0,0.0,0.0,0.0,0.0,0.0,0.0,0.0,0.0,0.0,0.0,0.0
106.0,0.0,SR650,['https://cdn.tous.com/media/catalog/product/cache/image/512x512/9df78eab33525d08d6e5fb8d27136e95/C/9/C915305550.jpg'],0.0,1.0,0.0,0.0,0.0,0.0,0.0,1.0,0.0,0.0,0.0,0.0,1.0,0.0,0.0,2.0,0.0,0.0,0.0,0.0,0.0,0.0,0.0,0.0,0.0,0.0,0.0,0.0,0.0,0.0,0.0,0.0,0.0,0.0,1.0,0.0,1.0,0.0,1.0,1.0
107.0,0.0,SR289,['https://cdn.tous.com/media/catalog/product/cache/image/512x512/9df78eab33525d08d6e5fb8d27136e95/C/1/C1001971312.jpg'],0.0,1.0,0.0,0.0,0.0,0.0,0.0,0.0,1.0,0.0,0.0,0.0,0.0,0.0,0.0,1.0,0.0,0.0,0.0,0.0,0.0,0.0,0.0,0.0,0.0,0.0,0.0,0.0,0.0,0.0,0.0,0.0,0.0,0.0,0.0,1.0,1.0,0.0,0.0,0.0
108.0,0.0,SR650,['https://cdn.tous.com/media/catalog/product/cache/image/512x512/9df78eab33525d08d6e5fb8d27136e95/C/8/C812465560.jpg'],0.0,1.0,0.0,0.0,0.0,0.0,0.0,0.0,1.0,0.0,0.0,0.0,0.0,0.0,0.0,1.0,0.0,0.0,0.0,0.0,0.0,0.0,0.0,0.0,0.0,0.0,0.0,0.0,0.0,0.0,0.0,0.0,0.0,1.0,0.0,0.0,1.0,0.0,0.0,0.0
109.0,0.0,SR325,['https://cdn.tous.com/media/catalog/product/cache/image/512x512/9df78eab33525d08d6e5fb8d27136e95/C/8/C812465550.jpg'],0.0,1.0,0.0,0.0,0.0,0.0,0.0,1.0,1.0,0.0,0.0,0.0,0.0,0.0,0.0,2.0,0.0,0.0,0.0,0.0,0.0,0.0,0.0,0.0,0.0,0.0,0.0,0.0,0.0,0.0,0.0,0.0,0.0,0.0,0.0,0.0,0.0,0.0,0.0,0.0
110.0,0.0,SR560,['https://cdn.tous.com/media/catalog/product/cache/image/512x512/9df78eab33525d08d6e5fb8d27136e95/C/8/C812465540.jpg'],0.0,1.0,0.0,0.0,0.0,0.0,0.0,1.0,0.0,0.0,0.0,0.0,0.0,0.0,0.0,1.0,0.0,0.0,0.0,0.0,0.0,0.0,0.0,0.0,0.0,0.0,0.0,0.0,0.0,0.0,0.0,0.0,0.0,0.0,0.0,0.0,0.0,0.0,0.0,0.0
111.0,0.0,SR560,['https://cdn.tous.com/media/catalog/product/cache/image/512x512/9df78eab33525d08d6e5fb8d27136e95/C/8/C812465530.jpg'],0.0,1.0,0.0,0.0,0.0,0.0,0.0,1.0,1.0,0.0,0.0,0.0,0.0,0.0,1.0,3.0,0.0,0.0,0.0,0.0,0.0,0.0,0.0,0.0,0.0,0.0,0.0,0.0,0.0,0.0,0.0,0.0,0.0,0.0,0.0,0.0,0.0,0.0,0.0,0.0
112.0,0.0,SR760,['https://cdn.tous.com/media/catalog/product/cache/image/512x512/9df78eab33525d08d6e5fb8d27136e95/C/8/C812465510.jpg'],0.0,1.0,0.0,0.0,0.0,0.0,0.0,1.0,0.0,0.0,0.0,0.0,0.0,0.0,0.0,1.0,0.0,0.0,0.0,0.0,0.0,0.0,0.0,0.0,0.0,0.0,0.0,0.0,0.0,0.0,1.0,0.0,0.0,0.0,0.0,0.0,1.0,0.0,0.0,0.0
113.0,0.0,SR365,['https://cdn.tous.com/media/catalog/product/cache/image/512x512/9df78eab33525d08d6e5fb8d27136e95/C/8/C812465500.jpg'],0.0,1.0,0.0,0.0,0.0,0.0,0.0,1.0,1.0,0.0,0.0,0.0,0.0,0.0,0.0,2.0,0.0,0.0,0.0,0.0,0.0,0.0,0.0,0.0,0.0,0.0,0.0,0.0,0.0,0.0,0.0,0.0,0.0,0.0,0.0,0.0,0.0,0.0,0.0,0.0
114.0,0.0,"SR2,100",['https://cdn.tous.com/media/catalog/product/cache/image/512x512/9df78eab33525d08d6e5fb8d27136e95/C/8/C812465000.jpg'],0.0,1.0,0.0,0.0,0.0,0.0,0.0,1.0,0.0,0.0,0.0,0.0,0.0,0.0,0.0,1.0,0.0,0.0,0.0,0.0,0.0,0.0,0.0,0.0,0.0,0.0,0.0,0.0,0.0,0.0,0.0,0.0,0.0,0.0,0.0,0.0,0.0,1.0,0.0,1.0
115.0,0.0,SR590,['https://cdn.tous.com/media/catalog/product/cache/image/512x512/9df78eab33525d08d6e5fb8d27136e95/C/8/C812455580.jpg'],0.0,1.0,0.0,0.0,0.0,0.0,0.0,1.0,0.0,0.0,0.0,1.0,1.0,1.0,0.0,4.0,1.0,0.0,0.0,0.0,0.0,0.0,0.0,0.0,0.0,0.0,0.0,0.0,0.0,0.0,0.0,0.0,0.0,0.0,0.0,0.0,1.0,0.0,0.0,0.0
116.0,0.0,SR455,['https://cdn.tous.com/media/catalog/product/cache/image/512x512/9df78eab33525d08d6e5fb8d27136e95/C/8/C812455550.jpg'],0.0,1.0,0.0,0.0,0.0,0.0,0.0,1.0,0.0,0.0,0.0,1.0,1.0,1.0,0.0,4.0,0.0,0.0,0.0,0.0,0.0,0.0,0.0,0.0,0.0,0.0,0.0,0.0,0.0,0.0,0.0,0.0,0.0,0.0,0.0,1.0,1.0,0.0,0.0,0.0
117.0,0.0,SR299,['https://cdn.tous.com/media/catalog/product/cache/image/512x512/9df78eab33525d08d6e5fb8d27136e95/C/8/C812455540.jpg'],0.0,1.0,0.0,0.0,0.0,0.0,0.0,0.0,1.0,0.0,0.0,0.0,0.0,0.0,0.0,1.0,0.0,0.0,0.0,0.0,0.0,0.0,0.0,0.0,0.0,0.0,0.0,0.0,0.0,0.0,0.0,0.0,0.0,0.0,0.0,0.0,0.0,0.0,0.0,0.0
118.0,0.0,SR325,['https://cdn.tous.com/media/catalog/product/cache/image/512x512/9df78eab33525d08d6e5fb8d27136e95/C/8/C812455530.jpg'],0.0,1.0,0.0,0.0,0.0,0.0,0.0,0.0,1.0,0.0,0.0,0.0,0.0,0.0,0.0,1.0,1.0,0.0,0.0,0.0,0.0,0.0,0.0,0.0,0.0,0.0,0.0,0.0,0.0,0.0,0.0,0.0,0.0,0.0,0.0,0.0,1.0,0.0,0.0,0.0
119.0,0.0,SR730,['https://cdn.tous.com/media/catalog/product/cache/image/512x512/9df78eab33525d08d6e5fb8d27136e95/C/8/C812455520.jpg'],0.0,1.0,0.0,0.0,0.0,0.0,0.0,1.0,0.0,0.0,0.0,0.0,1.0,0.0,0.0,2.0,0.0,0.0,0.0,0.0,0.0,0.0,0.0,0.0,0.0,0.0,0.0,0.0,0.0,0.0,0.0,0.0,0.0,1.0,0.0,0.0,1.0,0.0,0.0,0.0
120.0,0.0,SR455,['https://cdn.tous.com/media/catalog/product/cache/image/512x512/9df78eab33525d08d6e5fb8d27136e95/C/8/C812455510.jpg'],0.0,1.0,0.0,0.0,0.0,0.0,0.0,1.0,0.0,0.0,0.0,0.0,1.0,0.0,0.0,2.0,1.0,0.0,0.0,0.0,0.0,0.0,0.0,0.0,0.0,0.0,0.0,0.0,0.0,0.0,0.0,0.0,0.0,0.0,0.0,0.0,1.0,0.0,0.0,0.0
121.0,0.0,"SR3,800",['https://cdn.tous.com/media/catalog/product/cache/image/512x512/9df78eab33525d08d6e5fb8d27136e95/C/8/C810405081.jpg'],0.0,1.0,0.0,0.0,0.0,0.0,0.0,1.0,0.0,1.0,0.0,0.0,0.0,0.0,0.0,2.0,0.0,0.0,0.0,0.0,0.0,0.0,0.0,0.0,0.0,0.0,0.0,0.0,0.0,0.0,0.0,0.0,0.0,0.0,0.0,0.0,0.0,1.0,0.0,1.0
122.0,0.0,"SR8,600",['https://cdn.tous.com/media/catalog/product/cache/image/512x512/9df78eab33525d08d6e5fb8d27136e95/C/8/C815535020.jpg'],0.0,1.0,0.0,0.0,0.0,0.0,0.0,1.0,0.0,1.0,0.0,0.0,0.0,0.0,0.0,2.0,0.0,0.0,0.0,0.0,0.0,0.0,0.0,0.0,0.0,0.0,0.0,0.0,0.0,0.0,0.0,0.0,0.0,0.0,0.0,0.0,0.0,1.0,0.0,1.0
123.0,0.0,"SR7,800",['https://cdn.tous.com/media/catalog/product/cache/image/512x512/9df78eab33525d08d6e5fb8d27136e95/C/8/C815535040.jpg'],0.0,1.0,0.0,0.0,0.0,0.0,0.0,1.0,0.0,0.0,0.0,0.0,0.0,0.0,0.0,1.0,0.0,0.0,0.0,0.0,0.0,0.0,0.0,0.0,0.0,0.0,0.0,0.0,0.0,0.0,0.0,0.0,0.0,0.0,0.0,0.0,0.0,1.0,0.0,1.0
124.0,0.0,"SR7,800",['https://cdn.tous.com/media/catalog/product/cache/image/512x512/9df78eab33525d08d6e5fb8d27136e95/C/8/C815535010.jpg'],0.0,1.0,0.0,0.0,0.0,0.0,0.0,1.0,0.0,1.0,0.0,0.0,0.0,0.0,0.0,2.0,0.0,0.0,0.0,0.0,0.0,0.0,0.0,0.0,0.0,0.0,0.0,0.0,0.0,0.0,0.0,0.0,0.0,0.0,0.0,0.0,0.0,1.0,0.0,1.0
125.0,0.0,"SR8,600",['https://cdn.tous.com/media/catalog/product/cache/image/512x512/9df78eab33525d08d6e5fb8d27136e95/C/8/C815535050.jpg'],0.0,1.0,0.0,0.0,0.0,0.0,0.0,1.0,0.0,0.0,0.0,0.0,0.0,0.0,0.0,1.0,0.0,0.0,0.0,0.0,0.0,0.0,0.0,0.0,0.0,0.0,0.0,0.0,0.0,0.0,0.0,0.0,0.0,0.0,0.0,0.0,0.0,1.0,0.0,1.0
126.0,0.0,"SR3,300",['https://cdn.tous.com/media/catalog/product/cache/image/512x512/9df78eab33525d08d6e5fb8d27136e95/C/8/C815535000.jpg'],0.0,1.0,0.0,0.0,0.0,0.0,0.0,1.0,0.0,1.0,0.0,0.0,0.0,0.0,0.0,2.0,0.0,0.0,0.0,0.0,0.0,0.0,0.0,0.0,0.0,0.0,0.0,0.0,0.0,0.0,0.0,0.0,0.0,0.0,0.0,0.0,0.0,1.0,0.0,1.0
127.0,0.0,"SR3,300",['https://cdn.tous.com/media/catalog/product/cache/image/512x512/9df78eab33525d08d6e5fb8d27136e95/C/8/C815535030.jpg'],0.0,1.0,0.0,0.0,0.0,0.0,0.0,1.0,0.0,0.0,0.0,0.0,0.0,0.0,0.0,1.0,0.0,0.0,0.0,0.0,0.0,0.0,0.0,0.0,0.0,0.0,0.0,0.0,0.0,0.0,0.0,0.0,0.0,0.0,0.0,0.0,0.0,1.0,0.0,1.0
128.0,0.0,"SR1,950",['https://cdn.tous.com/media/catalog/product/cache/image/512x512/9df78eab33525d08d6e5fb8d27136e95/C/8/C815435580.jpg'],0.0,1.0,0.0,0.0,0.0,0.0,0.0,0.0,1.0,0.0,0.0,0.0,1.0,0.0,0.0,2.0,0.0,0.0,0.0,0.0,0.0,0.0,0.0,0.0,0.0,0.0,0.0,0.0,0.0,1.0,1.0,0.0,0.0,0.0,0.0,0.0,2.0,0.0,0.0,0.0
129.0,0.0,"SR1,600",['https://cdn.tous.com/media/catalog/product/cache/image/512x512/9df78eab33525d08d6e5fb8d27136e95/C/8/C815435560.jpg'],0.0,1.0,0.0,0.0,0.0,0.0,0.0,0.0,1.0,0.0,0.0,0.0,0.0,0.0,0.0,1.0,0.0,0.0,0.0,0.0,0.0,0.0,0.0,0.0,0.0,0.0,0.0,0.0,1.0,0.0,0.0,0.0,0.0,0.0,1.0,0.0,2.0,0.0,0.0,0.0
130.0,0.0,SR730,['https://cdn.tous.com/media/catalog/product/cache/image/512x512/9df78eab33525d08d6e5fb8d27136e95/C/8/C815435550.jpg'],0.0,1.0,0.0,0.0,0.0,0.0,0.0,0.0,1.0,0.0,0.0,0.0,0.0,0.0,0.0,1.0,0.0,0.0,0.0,0.0,0.0,0.0,0.0,0.0,0.0,0.0,0.0,0.0,1.0,0.0,0.0,0.0,0.0,0.0,1.0,0.0,2.0,0.0,0.0,0.0
131.0,0.0,SR790,['https://cdn.tous.com/media/catalog/product/cache/image/512x512/9df78eab33525d08d6e5fb8d27136e95/C/8/C815435570.jpg'],0.0,1.0,0.0,0.0,0.0,0.0,0.0,0.0,1.0,0.0,0.0,0.0,1.0,0.0,0.0,2.0,0.0,0.0,0.0,0.0,0.0,0.0,0.0,0.0,0.0,0.0,0.0,0.0,0.0,1.0,1.0,0.0,0.0,0.0,0.0,0.0,2.0,0.0,0.0,0.0
132.0,0.0,SR390,['https://cdn.tous.com/media/catalog/product/cache/image/512x512/9df78eab33525d08d6e5fb8d27136e95/C/8/C815435540.jpg'],0.0,1.0,0.0,0.0,0.0,0.0,0.0,0.0,1.0,0.0,0.0,0.0,0.0,0.0,0.0,1.0,1.0,0.0,0.0,0.0,0.0,0.0,0.0,0.0,0.0,0.0,0.0,0.0,0.0,0.0,0.0,0.0,0.0,0.0,0.0,0.0,1.0,0.0,0.0,0.0
133.0,0.0,SR430,['https://cdn.tous.com/media/catalog/product/cache/image/512x512/9df78eab33525d08d6e5fb8d27136e95/C/8/C816685500.jpg'],0.0,1.0,0.0,0.0,0.0,0.0,0.0,0.0,1.0,0.0,0.0,0.0,0.0,0.0,0.0,1.0,0.0,0.0,0.0,0.0,0.0,0.0,0.0,0.0,0.0,0.0,0.0,0.0,0.0,0.0,0.0,0.0,0.0,0.0,0.0,0.0,0.0,0.0,0.0,0.0
134.0,0.0,"SR2,800",['https://cdn.tous.com/media/catalog/product/cache/image/512x512/9df78eab33525d08d6e5fb8d27136e95/C/8/C816685000.jpg'],0.0,1.0,0.0,0.0,0.0,0.0,0.0,1.0,0.0,0.0,0.0,0.0,0.0,0.0,0.0,1.0,0.0,0.0,0.0,0.0,0.0,0.0,0.0,0.0,0.0,0.0,0.0,0.0,0.0,0.0,0.0,0.0,0.0,0.0,0.0,0.0,0.0,0.0,0.0,0.0
135.0,0.0,"SR2,500",['https://cdn.tous.com/media/catalog/product/cache/image/512x512/9df78eab33525d08d6e5fb8d27136e95/C/8/C812405000.jpg'],0.0,1.0,0.0,0.0,0.0,0.0,0.0,1.0,0.0,0.0,0.0,0.0,0.0,0.0,0.0,1.0,1.0,0.0,0.0,0.0,0.0,0.0,0.0,0.0,0.0,0.0,0.0,0.0,0.0,0.0,0.0,0.0,0.0,0.0,0.0,0.0,1.0,0.0,0.0,0.0
136.0,0.0,"SR1,100",['https://cdn.tous.com/media/catalog/product/cache/image/512x512/9df78eab33525d08d6e5fb8d27136e95/C/8/C812405600.jpg'],0.0,1.0,0.0,0.0,0.0,0.0,0.0,0.0,1.0,0.0,0.0,0.0,0.0,0.0,0.0,1.0,0.0,0.0,0.0,0.0,0.0,0.0,0.0,0.0,0.0,0.0,0.0,0.0,0.0,0.0,0.0,0.0,0.0,1.0,0.0,0.0,1.0,0.0,0.0,0.0
137.0,0.0,SR730,['https://cdn.tous.com/media/catalog/product/cache/image/512x512/9df78eab33525d08d6e5fb8d27136e95/C/8/C812405610.jpg'],0.0,1.0,0.0,0.0,0.0,0.0,0.0,0.0,1.0,0.0,0.0,0.0,0.0,0.0,0.0,1.0,0.0,0.0,0.0,0.0,0.0,0.0,0.0,0.0,0.0,0.0,0.0,0.0,0.0,0.0,0.0,0.0,0.0,1.0,0.0,0.0,1.0,0.0,0.0,0.0
138.0,0.0,SR630,['https://cdn.tous.com/media/catalog/product/cache/image/512x512/9df78eab33525d08d6e5fb8d27136e95/C/8/C812405520.jpg'],0.0,1.0,0.0,0.0,0.0,0.0,0.0,0.0,1.0,0.0,0.0,0.0,1.0,0.0,0.0,2.0,0.0,0.0,0.0,0.0,0.0,0.0,0.0,0.0,0.0,0.0,0.0,0.0,0.0,0.0,0.0,0.0,0.0,1.0,0.0,0.0,1.0,0.0,0.0,0.0
139.0,0.0,SR495,['https://cdn.tous.com/media/catalog/product/cache/image/512x512/9df78eab33525d08d6e5fb8d27136e95/C/8/C812405580.jpg'],0.0,1.0,0.0,0.0,0.0,0.0,0.0,0.0,1.0,0.0,0.0,0.0,1.0,0.0,0.0,2.0,0.0,0.0,0.0,0.0,0.0,0.0,0.0,0.0,0.0,0.0,0.0,0.0,0.0,0.0,0.0,0.0,0.0,1.0,0.0,0.0,1.0,0.0,0.0,0.0
140.0,0.0,SR590,['https://cdn.tous.com/media/catalog/product/cache/image/512x512/9df78eab33525d08d6e5fb8d27136e95/C/8/C812405590.jpg'],0.0,1.0,0.0,0.0,0.0,0.0,0.0,0.0,1.0,0.0,0.0,0.0,1.0,1.0,0.0,3.0,0.0,0.0,0.0,0.0,0.0,0.0,0.0,0.0,0.0,0.0,0.0,0.0,0.0,0.0,0.0,0.0,0.0,0.0,0.0,0.0,0.0,0.0,1.0,1.0
141.0,0.0,SR660,['https://cdn.tous.com/media/catalog/product/cache/image/512x512/9df78eab33525d08d6e5fb8d27136e95/C/8/C812405540.jpg'],0.0,1.0,0.0,0.0,0.0,0.0,0.0,0.0,1.0,0.0,0.0,0.0,1.0,0.0,0.0,2.0,0.0,0.0,0.0,0.0,0.0,0.0,0.0,0.0,0.0,0.0,0.0,0.0,0.0,0.0,0.0,0.0,0.0,1.0,0.0,0.0,1.0,0.0,0.0,0.0
142.0,0.0,SR325,['https://cdn.tous.com/media/catalog/product/cache/image/512x512/9df78eab33525d08d6e5fb8d27136e95/C/8/C812405570.jpg'],0.0,1.0,0.0,0.0,0.0,0.0,0.0,0.0,1.0,0.0,0.0,0.0,1.0,0.0,0.0,2.0,0.0,0.0,0.0,0.0,0.0,0.0,0.0,0.0,0.0,0.0,0.0,0.0,0.0,0.0,0.0,0.0,0.0,0.0,0.0,0.0,0.0,0.0,0.0,0.0
143.0,0.0,SR325,['https://cdn.tous.com/media/catalog/product/cache/image/512x512/9df78eab33525d08d6e5fb8d27136e95/C/8/C812405560.jpg'],0.0,1.0,0.0,0.0,0.0,0.0,0.0,0.0,1.0,0.0,0.0,0.0,1.0,0.0,0.0,2.0,0.0,0.0,0.0,0.0,0.0,0.0,0.0,0.0,0.0,0.0,0.0,0.0,0.0,0.0,0.0,0.0,0.0,0.0,0.0,0.0,0.0,0.0,1.0,1.0
144.0,0.0,SR520,['https://cdn.tous.com/media/catalog/product/cache/image/512x512/9df78eab33525d08d6e5fb8d27136e95/C/8/C812405530.jpg'],0.0,1.0,0.0,0.0,0.0,0.0,0.0,0.0,1.0,0.0,0.0,0.0,1.0,0.0,0.0,2.0,0.0,0.0,0.0,0.0,0.0,0.0,0.0,0.0,0.0,0.0,0.0,1.0,0.0,0.0,0.0,0.0,0.0,0.0,0.0,0.0,1.0,0.0,1.0,1.0
145.0,0.0,SR410,['https://cdn.tous.com/media/catalog/product/cache/image/512x512/9df78eab33525d08d6e5fb8d27136e95/3/1/315113560.jpg'],0.0,1.0,0.0,1.0,0.0,0.0,0.0,0.0,1.0,0.0,0.0,0.0,0.0,0.0,0.0,1.0,0.0,0.0,0.0,0.0,0.0,0.0,0.0,0.0,0.0,0.0,0.0,0.0,0.0,0.0,0.0,0.0,0.0,0.0,0.0,0.0,0.0,0.0,0.0,0.0
146.0,0.0,"SR1,950",['https://cdn.tous.com/media/catalog/product/cache/image/512x512/9df78eab33525d08d6e5fb8d27136e95/9/1/918523040_2.jpg'],0.0,1.0,0.0,1.0,0.0,0.0,0.0,1.0,0.0,1.0,0.0,0.0,0.0,0.0,0.0,2.0,1.0,0.0,0.0,0.0,0.0,0.0,0.0,0.0,0.0,0.0,0.0,0.0,0.0,0.0,0.0,0.0,0.0,0.0,0.0,0.0,1.0,0.0,0.0,0.0
147.0,0.0,SR740,['https://cdn.tous.com/media/catalog/product/cache/image/512x512/9df78eab33525d08d6e5fb8d27136e95/9/1/918543590.jpg'],0.0,1.0,0.0,1.0,0.0,0.0,0.0,1.0,0.0,0.0,0.0,0.0,0.0,0.0,0.0,1.0,1.0,0.0,0.0,0.0,0.0,0.0,0.0,0.0,0.0,0.0,0.0,0.0,0.0,0.0,0.0,0.0,0.0,0.0,0.0,0.0,1.0,0.0,0.0,0.0
148.0,0.0,SR740,['https://cdn.tous.com/media/catalog/product/cache/image/512x512/9df78eab33525d08d6e5fb8d27136e95/9/1/918543580_9.jpg'],0.0,1.0,0.0,1.0,0.0,0.0,0.0,1.0,0.0,0.0,0.0,0.0,0.0,0.0,0.0,1.0,0.0,0.0,0.0,0.0,0.0,0.0,0.0,0.0,0.0,0.0,0.0,0.0,0.0,0.0,0.0,0.0,0.0,0.0,0.0,0.0,0.0,0.0,0.0,0.0
149.0,0.0,"SR2,300",['https://cdn.tous.com/media/catalog/product/cache/image/512x512/9df78eab33525d08d6e5fb8d27136e95/9/1/918523020.jpg'],0.0,1.0,0.0,1.0,0.0,0.0,0.0,1.0,0.0,1.0,0.0,0.0,0.0,0.0,0.0,2.0,1.0,0.0,0.0,0.0,0.0,0.0,0.0,0.0,0.0,0.0,0.0,0.0,0.0,0.0,0.0,0.0,0.0,0.0,0.0,0.0,1.0,1.0,0.0,1.0
150.0,0.0,"SR2,700",['https://cdn.tous.com/media/catalog/product/cache/image/512x512/9df78eab33525d08d6e5fb8d27136e95/9/1/918523090.jpg'],0.0,1.0,0.0,1.0,0.0,0.0,0.0,1.0,0.0,1.0,0.0,0.0,0.0,0.0,0.0,2.0,0.0,0.0,0.0,0.0,0.0,0.0,0.0,0.0,0.0,0.0,0.0,0.0,0.0,0.0,0.0,0.0,0.0,0.0,0.0,0.0,0.0,1.0,0.0,1.0
151.0,0.0,"SR1,500",['https://cdn.tous.com/media/catalog/product/cache/image/512x512/9df78eab33525d08d6e5fb8d27136e95/9/1/918523100.jpg'],0.0,1.0,0.0,1.0,0.0,0.0,0.0,1.0,0.0,0.0,0.0,0.0,1.0,0.0,0.0,2.0,0.0,0.0,0.0,0.0,0.0,0.0,0.0,0.0,0.0,0.0,0.0,0.0,0.0,0.0,0.0,0.0,0.0,0.0,0.0,0.0,0.0,1.0,0.0,1.0
152.0,0.0,"SR2,700",['https://cdn.tous.com/media/catalog/product/cache/image/512x512/9df78eab33525d08d6e5fb8d27136e95/8/1/815603000.jpg'],0.0,1.0,0.0,1.0,0.0,0.0,0.0,1.0,0.0,1.0,0.0,0.0,0.0,0.0,0.0,2.0,0.0,0.0,0.0,0.0,0.0,0.0,0.0,1.0,0.0,0.0,0.0,0.0,0.0,0.0,0.0,0.0,0.0,0.0,0.0,0.0,1.0,1.0,0.0,1.0
153.0,0.0,"SR2,700",['https://cdn.tous.com/media/catalog/product/cache/image/512x512/9df78eab33525d08d6e5fb8d27136e95/8/1/815603010.jpg'],0.0,1.0,0.0,1.0,0.0,0.0,0.0,1.0,0.0,0.0,0.0,0.0,0.0,0.0,0.0,1.0,0.0,0.0,0.0,0.0,0.0,0.0,0.0,0.0,0.0,0.0,1.0,0.0,0.0,0.0,0.0,0.0,0.0,0.0,0.0,0.0,1.0,1.0,0.0,1.0
154.0,0.0,SR790,['https://cdn.tous.com/media/catalog/product/cache/image/512x512/9df78eab33525d08d6e5fb8d27136e95/9/1/918563510.jpg'],0.0,1.0,0.0,1.0,0.0,0.0,0.0,1.0,0.0,0.0,0.0,0.0,1.0,0.0,0.0,2.0,1.0,0.0,0.0,0.0,0.0,0.0,0.0,0.0,0.0,0.0,0.0,0.0,0.0,0.0,0.0,0.0,0.0,0.0,0.0,0.0,1.0,0.0,0.0,0.0
155.0,0.0,SR740,['https://cdn.tous.com/media/catalog/product/cache/image/512x512/9df78eab33525d08d6e5fb8d27136e95/9/1/918453500.jpg'],0.0,1.0,0.0,1.0,0.0,0.0,0.0,0.0,1.0,0.0,0.0,0.0,0.0,0.0,0.0,1.0,0.0,0.0,0.0,0.0,0.0,0.0,0.0,0.0,0.0,0.0,0.0,0.0,0.0,0.0,0.0,0.0,0.0,0.0,0.0,1.0,1.0,0.0,0.0,0.0
156.0,0.0,SR410,['https://cdn.tous.com/media/catalog/product/cache/image/512x512/9df78eab33525d08d6e5fb8d27136e95/9/1/918533510.jpg'],0.0,1.0,0.0,1.0,0.0,0.0,0.0,0.0,1.0,0.0,0.0,0.0,0.0,0.0,0.0,1.0,0.0,0.0,0.0,0.0,0.0,0.0,0.0,0.0,0.0,0.0,0.0,0.0,0.0,0.0,0.0,0.0,0.0,0.0,0.0,0.0,0.0,0.0,0.0,0.0
157.0,0.0,SR695,['https://cdn.tous.com/media/catalog/product/cache/image/512x512/9df78eab33525d08d6e5fb8d27136e95/7/1/712343580.jpg'],0.0,1.0,0.0,0.0,0.0,0.0,0.0,1.0,0.0,0.0,0.0,0.0,1.0,0.0,0.0,2.0,0.0,0.0,0.0,0.0,0.0,0.0,0.0,0.0,0.0,0.0,0.0,0.0,0.0,0.0,0.0,0.0,0.0,0.0,0.0,0.0,0.0,0.0,0.0,0.0
158.0,0.0,"SR2,100",['https://cdn.tous.com/media/catalog/product/cache/image/512x512/9df78eab33525d08d6e5fb8d27136e95/8/1/814643000.jpg'],0.0,1.0,0.0,1.0,0.0,0.0,0.0,1.0,0.0,0.0,0.0,0.0,0.0,0.0,0.0,1.0,0.0,0.0,0.0,0.0,0.0,0.0,0.0,0.0,0.0,0.0,0.0,0.0,0.0,0.0,0.0,0.0,0.0,0.0,0.0,0.0,0.0,1.0,0.0,1.0
159.0,0.0,SR485,['https://cdn.tous.com/media/catalog/product/cache/image/512x512/9df78eab33525d08d6e5fb8d27136e95/8/1/812373500.jpg'],0.0,0.0,0.0,0.0,0.0,0.0,0.0,1.0,0.0,0.0,0.0,0.0,1.0,0.0,0.0,2.0,0.0,0.0,0.0,0.0,0.0,0.0,0.0,1.0,0.0,0.0,0.0,0.0,0.0,0.0,0.0,0.0,0.0,0.0,0.0,0.0,1.0,0.0,0.0,0.0
160.0,0.0,SR820,['https://cdn.tous.com/media/catalog/product/cache/image/512x512/9df78eab33525d08d6e5fb8d27136e95/9/1/918453550.jpg'],0.0,1.0,0.0,1.0,0.0,0.0,0.0,0.0,1.0,0.0,0.0,0.0,0.0,0.0,0.0,1.0,0.0,0.0,0.0,0.0,0.0,0.0,0.0,0.0,0.0,0.0,0.0,0.0,0.0,0.0,0.0,0.0,0.0,0.0,0.0,1.0,1.0,0.0,0.0,0.0
161.0,0.0,SR485,['https://cdn.tous.com/media/catalog/product/cache/image/512x512/9df78eab33525d08d6e5fb8d27136e95/9/1/918453590.jpg'],0.0,1.0,0.0,1.0,0.0,0.0,0.0,0.0,1.0,0.0,0.0,0.0,0.0,0.0,0.0,1.0,0.0,0.0,0.0,0.0,0.0,0.0,0.0,0.0,0.0,0.0,0.0,0.0,0.0,0.0,0.0,0.0,0.0,0.0,0.0,1.0,1.0,0.0,0.0,0.0
162.0,0.0,"SR1,200",['https://cdn.tous.com/media/catalog/product/cache/image/512x512/9df78eab33525d08d6e5fb8d27136e95/9/1/918453610.jpg'],0.0,1.0,0.0,1.0,0.0,0.0,0.0,0.0,1.0,0.0,0.0,0.0,0.0,0.0,0.0,1.0,0.0,0.0,0.0,0.0,0.0,0.0,0.0,0.0,0.0,0.0,0.0,0.0,0.0,0.0,0.0,0.0,0.0,0.0,0.0,1.0,1.0,0.0,0.0,0.0
163.0,0.0,SR485,['https://cdn.tous.com/media/catalog/product/cache/image/512x512/9df78eab33525d08d6e5fb8d27136e95/9/1/918453530.jpg'],0.0,1.0,0.0,1.0,0.0,0.0,0.0,0.0,1.0,0.0,0.0,0.0,0.0,0.0,0.0,1.0,0.0,0.0,0.0,0.0,0.0,0.0,0.0,0.0,0.0,0.0,0.0,0.0,0.0,0.0,0.0,0.0,0.0,0.0,0.0,1.0,1.0,0.0,0.0,0.0
164.0,0.0,SR320,['https://cdn.tous.com/media/catalog/product/cache/image/512x512/9df78eab33525d08d6e5fb8d27136e95/9/1/918453600.jpg'],0.0,1.0,0.0,1.0,0.0,0.0,0.0,0.0,1.0,0.0,0.0,0.0,0.0,0.0,0.0,1.0,0.0,0.0,0.0,0.0,0.0,0.0,0.0,0.0,0.0,0.0,0.0,0.0,0.0,0.0,0.0,0.0,0.0,0.0,0.0,1.0,1.0,0.0,0.0,0.0
165.0,0.0,SR620,['https://cdn.tous.com/media/catalog/product/cache/image/512x512/9df78eab33525d08d6e5fb8d27136e95/9/1/918453570.jpg'],0.0,1.0,0.0,1.0,0.0,0.0,0.0,0.0,1.0,0.0,0.0,0.0,0.0,0.0,0.0,1.0,0.0,0.0,0.0,0.0,0.0,0.0,0.0,0.0,0.0,0.0,0.0,0.0,0.0,0.0,0.0,0.0,0.0,0.0,0.0,1.0,1.0,0.0,0.0,0.0
166.0,0.0,SR570,['https://cdn.tous.com/media/catalog/product/cache/image/512x512/9df78eab33525d08d6e5fb8d27136e95/9/1/918573580.jpg'],0.0,1.0,0.0,1.0,0.0,0.0,0.0,0.0,1.0,0.0,0.0,0.0,0.0,0.0,0.0,1.0,1.0,0.0,0.0,0.0,0.0,0.0,0.0,0.0,0.0,0.0,0.0,0.0,0.0,0.0,0.0,0.0,0.0,0.0,0.0,0.0,1.0,0.0,0.0,0.0
167.0,0.0,SR485,['https://cdn.tous.com/media/catalog/product/cache/image/512x512/9df78eab33525d08d6e5fb8d27136e95/9/1/918563500.jpg'],0.0,1.0,0.0,1.0,0.0,0.0,0.0,0.0,1.0,0.0,0.0,0.0,0.0,0.0,0.0,1.0,0.0,0.0,0.0,0.0,0.0,0.0,0.0,0.0,0.0,0.0,0.0,0.0,0.0,0.0,0.0,0.0,0.0,0.0,0.0,0.0,0.0,0.0,0.0,0.0
168.0,0.0,SR370,['https://cdn.tous.com/media/catalog/product/cache/image/512x512/9df78eab33525d08d6e5fb8d27136e95/9/1/918573510.jpg'],0.0,1.0,0.0,1.0,0.0,0.0,0.0,0.0,0.0,0.0,0.0,0.0,0.0,1.0,0.0,1.0,0.0,0.0,0.0,0.0,0.0,0.0,0.0,0.0,0.0,0.0,0.0,0.0,0.0,0.0,0.0,0.0,0.0,0.0,0.0,0.0,0.0,0.0,0.0,0.0
169.0,0.0,SR630,['https://cdn.tous.com/media/catalog/product/cache/image/512x512/9df78eab33525d08d6e5fb8d27136e95/8/1/812453610.jpg'],0.0,1.0,0.0,1.0,0.0,0.0,0.0,1.0,0.0,0.0,0.0,0.0,1.0,0.0,0.0,2.0,0.0,0.0,0.0,0.0,0.0,0.0,0.0,0.0,0.0,0.0,0.0,0.0,0.0,0.0,0.0,0.0,0.0,1.0,0.0,0.0,1.0,0.0,0.0,0.0
170.0,0.0,SR990,['https://cdn.tous.com/media/catalog/product/cache/image/512x512/9df78eab33525d08d6e5fb8d27136e95/8/1/812453590.jpg'],0.0,1.0,0.0,1.0,0.0,0.0,0.0,1.0,0.0,0.0,0.0,0.0,1.0,0.0,0.0,2.0,0.0,0.0,0.0,0.0,0.0,0.0,0.0,0.0,0.0,0.0,0.0,0.0,0.0,0.0,0.0,0.0,0.0,1.0,0.0,0.0,1.0,0.0,0.0,0.0
171.0,0.0,SR520,['https://cdn.tous.com/media/catalog/product/cache/image/512x512/9df78eab33525d08d6e5fb8d27136e95/8/1/812453580.jpg'],0.0,1.0,0.0,1.0,0.0,0.0,0.0,1.0,0.0,0.0,0.0,0.0,1.0,0.0,0.0,2.0,0.0,0.0,0.0,0.0,0.0,0.0,0.0,0.0,0.0,0.0,0.0,0.0,0.0,0.0,0.0,0.0,0.0,0.0,1.0,0.0,1.0,0.0,0.0,0.0
172.0,0.0,SR520,['https://cdn.tous.com/media/catalog/product/cache/image/512x512/9df78eab33525d08d6e5fb8d27136e95/8/1/812453570.jpg'],0.0,1.0,0.0,1.0,0.0,0.0,0.0,1.0,0.0,0.0,0.0,0.0,1.0,0.0,0.0,2.0,0.0,0.0,0.0,0.0,0.0,0.0,0.0,0.0,0.0,0.0,0.0,0.0,0.0,0.0,0.0,0.0,0.0,0.0,1.0,0.0,1.0,0.0,0.0,0.0
173.0,0.0,SR590,['https://cdn.tous.com/media/catalog/product/cache/image/512x512/9df78eab33525d08d6e5fb8d27136e95/8/1/812453560.jpg'],0.0,1.0,0.0,1.0,0.0,0.0,0.0,1.0,0.0,0.0,0.0,0.0,1.0,0.0,0.0,2.0,0.0,0.0,0.0,0.0,0.0,0.0,0.0,0.0,0.0,0.0,0.0,0.0,0.0,0.0,0.0,0.0,0.0,1.0,0.0,0.0,1.0,0.0,0.0,0.0
174.0,0.0,"SR2,300",['https://cdn.tous.com/media/catalog/product/cache/image/512x512/9df78eab33525d08d6e5fb8d27136e95/8/1/812453550.jpg'],0.0,1.0,0.0,1.0,0.0,0.0,0.0,0.0,0.0,0.0,1.0,0.0,0.0,0.0,0.0,1.0,0.0,0.0,0.0,0.0,0.0,0.0,0.0,0.0,0.0,0.0,0.0,0.0,0.0,0.0,0.0,0.0,0.0,1.0,0.0,0.0,1.0,0.0,0.0,0.0
175.0,0.0,"SR1,700",['https://cdn.tous.com/media/catalog/product/cache/image/512x512/9df78eab33525d08d6e5fb8d27136e95/8/1/812453540.jpg'],0.0,1.0,0.0,1.0,0.0,0.0,0.0,0.0,0.0,0.0,1.0,0.0,0.0,0.0,0.0,1.0,0.0,0.0,0.0,0.0,0.0,0.0,0.0,1.0,0.0,0.0,0.0,0.0,0.0,0.0,0.0,0.0,0.0,0.0,0.0,0.0,1.0,0.0,1.0,1.0
176.0,0.0,"SR1,950",['https://cdn.tous.com/media/catalog/product/cache/image/512x512/9df78eab33525d08d6e5fb8d27136e95/8/1/812453530.jpg'],0.0,1.0,0.0,1.0,0.0,0.0,0.0,0.0,0.0,0.0,1.0,0.0,0.0,0.0,0.0,1.0,0.0,0.0,0.0,0.0,0.0,0.0,0.0,0.0,0.0,0.0,0.0,0.0,0.0,0.0,0.0,0.0,0.0,0.0,0.0,0.0,0.0,0.0,0.0,0.0
177.0,0.0,"SR4,950",['https://cdn.tous.com/media/catalog/product/cache/image/512x512/9df78eab33525d08d6e5fb8d27136e95/8/1/812453520.jpg'],0.0,1.0,0.0,1.0,0.0,0.0,0.0,0.0,0.0,0.0,1.0,0.0,0.0,0.0,0.0,1.0,0.0,0.0,0.0,0.0,0.0,0.0,0.0,0.0,0.0,0.0,0.0,0.0,0.0,0.0,0.0,0.0,0.0,1.0,0.0,0.0,1.0,0.0,0.0,0.0
178.0,0.0,"SR2,300",['https://cdn.tous.com/media/catalog/product/cache/image/512x512/9df78eab33525d08d6e5fb8d27136e95/8/1/812453510.jpg'],0.0,1.0,0.0,1.0,0.0,0.0,0.0,0.0,0.0,0.0,1.0,0.0,0.0,0.0,0.0,1.0,0.0,0.0,0.0,0.0,0.0,0.0,0.0,1.0,0.0,0.0,0.0,0.0,0.0,0.0,0.0,0.0,0.0,0.0,0.0,0.0,1.0,0.0,0.0,0.0
179.0,0.0,"SR1,600",['https://cdn.tous.com/media/catalog/product/cache/image/512x512/9df78eab33525d08d6e5fb8d27136e95/8/1/812453500.jpg'],0.0,1.0,0.0,1.0,0.0,0.0,0.0,0.0,0.0,0.0,1.0,0.0,0.0,0.0,0.0,1.0,0.0,0.0,0.0,0.0,0.0,0.0,0.0,1.0,0.0,0.0,0.0,0.0,0.0,0.0,0.0,0.0,0.0,0.0,0.0,0.0,1.0,0.0,0.0,0.0
180.0,0.0,"SR7,900",['https://cdn.tous.com/media/catalog/product/cache/image/512x512/9df78eab33525d08d6e5fb8d27136e95/8/1/812453000.jpg'],0.0,1.0,0.0,1.0,0.0,0.0,0.0,1.0,0.0,0.0,1.0,0.0,0.0,0.0,0.0,2.0,0.0,0.0,0.0,0.0,0.0,0.0,0.0,0.0,0.0,0.0,0.0,0.0,0.0,0.0,0.0,0.0,0.0,1.0,0.0,0.0,1.0,0.0,0.0,0.0
181.0,0.0,SR370,['https://cdn.tous.com/media/catalog/product/cache/image/512x512/9df78eab33525d08d6e5fb8d27136e95/8/1/811143520.jpg'],0.0,1.0,0.0,1.0,0.0,0.0,0.0,0.0,1.0,0.0,0.0,0.0,1.0,0.0,0.0,2.0,0.0,0.0,0.0,0.0,0.0,0.0,0.0,0.0,0.0,0.0,0.0,0.0,0.0,0.0,0.0,0.0,0.0,0.0,0.0,0.0,0.0,0.0,0.0,0.0
182.0,0.0,SR910,['https://cdn.tous.com/media/catalog/product/cache/image/512x512/9df78eab33525d08d6e5fb8d27136e95/4/1/415903592.jpg'],0.0,1.0,0.0,1.0,0.0,0.0,0.0,0.0,1.0,0.0,0.0,0.0,1.0,0.0,0.0,2.0,0.0,0.0,0.0,0.0,0.0,0.0,0.0,0.0,0.0,0.0,0.0,0.0,0.0,0.0,0.0,0.0,0.0,0.0,0.0,0.0,0.0,0.0,0.0,0.0
183.0,0.0,SR980,['https://cdn.tous.com/media/catalog/product/cache/image/512x512/9df78eab33525d08d6e5fb8d27136e95/4/1/415903583.jpg'],0.0,1.0,0.0,1.0,0.0,0.0,0.0,1.0,0.0,0.0,0.0,0.0,1.0,0.0,0.0,2.0,1.0,0.0,0.0,0.0,0.0,0.0,0.0,0.0,0.0,0.0,0.0,0.0,0.0,0.0,0.0,0.0,0.0,0.0,0.0,0.0,1.0,0.0,0.0,0.0
184.0,0.0,SR455,['https://cdn.tous.com/media/catalog/product/cache/image/512x512/9df78eab33525d08d6e5fb8d27136e95/8/1/815033510.jpg'],0.0,1.0,0.0,1.0,0.0,0.0,0.0,1.0,0.0,0.0,0.0,0.0,1.0,0.0,0.0,2.0,0.0,0.0,0.0,0.0,0.0,0.0,0.0,0.0,0.0,0.0,0.0,0.0,0.0,0.0,0.0,0.0,0.0,0.0,0.0,0.0,0.0,0.0,0.0,0.0
185.0,0.0,SR790,['https://cdn.tous.com/media/catalog/product/cache/image/512x512/9df78eab33525d08d6e5fb8d27136e95/4/1/415903572.jpg'],0.0,1.0,0.0,1.0,0.0,0.0,0.0,1.0,0.0,0.0,0.0,0.0,1.0,0.0,0.0,2.0,0.0,0.0,0.0,0.0,0.0,0.0,0.0,0.0,0.0,0.0,0.0,0.0,0.0,0.0,0.0,0.0,0.0,0.0,0.0,0.0,0.0,0.0,0.0,0.0
186.0,0.0,"SR1,700",['https://cdn.tous.com/media/catalog/product/cache/image/512x512/9df78eab33525d08d6e5fb8d27136e95/8/1/812783060.jpg'],0.0,1.0,0.0,1.0,0.0,0.0,0.0,1.0,0.0,0.0,0.0,0.0,0.0,0.0,0.0,1.0,0.0,0.0,0.0,0.0,0.0,0.0,0.0,0.0,0.0,0.0,0.0,0.0,1.0,0.0,0.0,0.0,0.0,0.0,0.0,0.0,1.0,0.0,1.0,1.0
187.0,0.0,"SR1,700",['https://cdn.tous.com/media/catalog/product/cache/image/512x512/9df78eab33525d08d6e5fb8d27136e95/8/1/812783050.jpg'],0.0,1.0,0.0,1.0,0.0,0.0,0.0,1.0,0.0,0.0,0.0,0.0,0.0,0.0,0.0,1.0,0.0,0.0,0.0,1.0,0.0,0.0,0.0,1.0,0.0,0.0,0.0,0.0,0.0,0.0,0.0,0.0,0.0,0.0,0.0,0.0,2.0,0.0,0.0,0.0
188.0,0.0,SR540,['https://cdn.tous.com/media/catalog/product/cache/image/512x512/9df78eab33525d08d6e5fb8d27136e95/8/1/816983500.jpg'],0.0,1.0,0.0,1.0,0.0,0.0,0.0,0.0,1.0,0.0,0.0,0.0,1.0,0.0,0.0,2.0,0.0,0.0,0.0,0.0,0.0,0.0,0.0,0.0,0.0,0.0,0.0,0.0,0.0,0.0,0.0,0.0,0.0,0.0,0.0,0.0,0.0,0.0,0.0,0.0
189.0,0.0,SR590,['https://cdn.tous.com/media/catalog/product/cache/image/512x512/9df78eab33525d08d6e5fb8d27136e95/8/1/816683550.jpg'],0.0,1.0,0.0,1.0,0.0,0.0,0.0,0.0,1.0,0.0,0.0,0.0,1.0,0.0,0.0,2.0,0.0,0.0,0.0,0.0,0.0,0.0,0.0,0.0,0.0,0.0,0.0,0.0,0.0,0.0,0.0,0.0,0.0,0.0,0.0,0.0,0.0,0.0,0.0,0.0
190.0,0.0,"SR8,200",['https://cdn.tous.com/media/catalog/product/cache/image/512x512/9df78eab33525d08d6e5fb8d27136e95/8/1/815263000.jpg'],0.0,1.0,0.0,1.0,0.0,0.0,0.0,1.0,0.0,1.0,0.0,0.0,0.0,0.0,0.0,2.0,0.0,0.0,0.0,0.0,0.0,0.0,0.0,0.0,0.0,0.0,0.0,0.0,0.0,0.0,0.0,0.0,0.0,0.0,0.0,0.0,0.0,1.0,0.0,1.0
191.0,0.0,"SR2,200",['https://cdn.tous.com/media/catalog/product/cache/image/512x512/9df78eab33525d08d6e5fb8d27136e95/8/1/812453050.jpg'],0.0,1.0,0.0,1.0,0.0,0.0,0.0,1.0,0.0,0.0,0.0,0.0,0.0,0.0,0.0,1.0,0.0,0.0,0.0,0.0,0.0,0.0,0.0,0.0,0.0,0.0,0.0,0.0,0.0,0.0,0.0,0.0,0.0,1.0,0.0,0.0,1.0,0.0,0.0,0.0
192.0,0.0,"SR2,500",['https://cdn.tous.com/media/catalog/product/cache/image/512x512/9df78eab33525d08d6e5fb8d27136e95/8/1/812453040.jpg'],0.0,1.0,0.0,1.0,0.0,0.0,0.0,1.0,0.0,0.0,0.0,0.0,0.0,0.0,0.0,1.0,0.0,0.0,0.0,0.0,0.0,0.0,0.0,0.0,0.0,0.0,0.0,0.0,0.0,0.0,0.0,0.0,0.0,1.0,0.0,0.0,1.0,0.0,0.0,0.0
193.0,0.0,"SR4,100",['https://cdn.tous.com/media/catalog/product/cache/image/512x512/9df78eab33525d08d6e5fb8d27136e95/9/1/918522010.jpg'],0.0,0.0,1.0,0.0,0.0,0.0,0.0,1.0,0.0,1.0,0.0,0.0,0.0,0.0,0.0,2.0,0.0,0.0,0.0,0.0,0.0,0.0,0.0,0.0,0.0,0.0,0.0,0.0,0.0,0.0,0.0,0.0,0.0,0.0,0.0,0.0,0.0,1.0,0.0,1.0
194.0,0.0,SR620,['https://cdn.tous.com/media/catalog/product/cache/image/512x512/9df78eab33525d08d6e5fb8d27136e95/9/1/918572530_9.jpg'],0.0,0.0,1.0,0.0,0.0,0.0,0.0,0.0,1.0,0.0,0.0,0.0,0.0,0.0,0.0,1.0,1.0,0.0,0.0,0.0,0.0,0.0,0.0,0.0,0.0,0.0,0.0,0.0,0.0,0.0,0.0,0.0,0.0,0.0,0.0,0.0,1.0,0.0,0.0,0.0
195.0,0.0,"SR2,900",['https://cdn.tous.com/media/catalog/product/cache/image/512x512/9df78eab33525d08d6e5fb8d27136e95/8/1/815604000.jpg'],0.0,0.0,1.0,0.0,0.0,0.0,0.0,1.0,0.0,1.0,0.0,0.0,0.0,0.0,0.0,2.0,0.0,0.0,0.0,0.0,0.0,0.0,0.0,1.0,0.0,0.0,0.0,0.0,0.0,0.0,0.0,0.0,0.0,0.0,0.0,0.0,1.0,1.0,0.0,1.0
196.0,0.0,"SR2,900",['https://cdn.tous.com/media/catalog/product/cache/image/512x512/9df78eab33525d08d6e5fb8d27136e95/8/1/815602000.jpg'],0.0,0.0,1.0,0.0,0.0,0.0,0.0,1.0,0.0,0.0,0.0,0.0,0.0,0.0,0.0,1.0,0.0,0.0,0.0,0.0,0.0,0.0,0.0,0.0,0.0,0.0,1.0,0.0,0.0,0.0,0.0,0.0,0.0,0.0,0.0,0.0,1.0,1.0,0.0,1.0
197.0,0.0,SR995,['https://cdn.tous.com/media/catalog/product/cache/image/512x512/9df78eab33525d08d6e5fb8d27136e95/9/1/918562510.jpg'],0.0,0.0,1.0,0.0,0.0,0.0,0.0,1.0,0.0,0.0,0.0,0.0,1.0,0.0,0.0,2.0,1.0,0.0,0.0,0.0,0.0,0.0,0.0,0.0,0.0,0.0,0.0,0.0,0.0,0.0,0.0,0.0,0.0,0.0,0.0,0.0,1.0,0.0,0.0,0.0
198.0,0.0,SR455,['https://cdn.tous.com/media/catalog/product/cache/image/512x512/9df78eab33525d08d6e5fb8d27136e95/9/1/918532500.jpg'],0.0,0.0,1.0,0.0,0.0,0.0,0.0,0.0,1.0,0.0,0.0,0.0,0.0,0.0,0.0,1.0,0.0,0.0,0.0,0.0,0.0,0.0,0.0,0.0,0.0,0.0,0.0,0.0,0.0,0.0,0.0,0.0,0.0,0.0,0.0,0.0,0.0,0.0,0.0,0.0
199.0,0.0,"SR2,500",['https://cdn.tous.com/media/catalog/product/cache/image/512x512/9df78eab33525d08d6e5fb8d27136e95/8/1/814644050.jpg'],0.0,0.0,1.0,0.0,0.0,0.0,0.0,1.0,0.0,0.0,0.0,0.0,0.0,0.0,0.0,1.0,0.0,0.0,0.0,0.0,0.0,0.0,0.0,0.0,0.0,0.0,0.0,0.0,0.0,0.0,0.0,0.0,0.0,0.0,0.0,0.0,0.0,1.0,0.0,1.0
200.0,0.0,SR410,['https://cdn.tous.com/media/catalog/product/cache/image/512x512/9df78eab33525d08d6e5fb8d27136e95/9/1/918452520.jpg'],0.0,0.0,1.0,0.0,0.0,0.0,0.0,0.0,1.0,0.0,0.0,0.0,0.0,0.0,0.0,1.0,0.0,0.0,0.0,0.0,0.0,0.0,0.0,0.0,0.0,0.0,0.0,0.0,0.0,0.0,0.0,0.0,0.0,0.0,0.0,1.0,1.0,0.0,0.0,0.0
201.0,0.0,"SR1,800",['https://cdn.tous.com/media/catalog/product/cache/image/512x512/9df78eab33525d08d6e5fb8d27136e95/9/1/914154500.jpg'],0.0,0.0,1.0,0.0,0.0,0.0,0.0,1.0,0.0,0.0,0.0,0.0,1.0,0.0,0.0,2.0,0.0,0.0,0.0,0.0,0.0,0.0,0.0,0.0,0.0,0.0,0.0,0.0,0.0,0.0,0.0,0.0,0.0,0.0,0.0,0.0,0.0,0.0,1.0,1.0
202.0,0.0,SR950,['https://cdn.tous.com/media/catalog/product/cache/image/512x512/9df78eab33525d08d6e5fb8d27136e95/9/1/914152500.jpg'],0.0,0.0,1.0,0.0,0.0,0.0,0.0,1.0,0.0,0.0,0.0,0.0,1.0,0.0,0.0,2.0,1.0,0.0,0.0,0.0,0.0,0.0,0.0,0.0,0.0,0.0,0.0,0.0,0.0,0.0,0.0,0.0,0.0,0.0,0.0,0.0,1.0,0.0,1.0,1.0
203.0,0.0,SR790,['https://cdn.tous.com/media/catalog/product/cache/image/512x512/9df78eab33525d08d6e5fb8d27136e95/9/1/914152520.jpg'],0.0,0.0,1.0,0.0,0.0,0.0,0.0,0.0,1.0,0.0,0.0,0.0,0.0,0.0,0.0,1.0,0.0,0.0,0.0,0.0,0.0,0.0,0.0,0.0,0.0,0.0,0.0,0.0,0.0,0.0,0.0,0.0,0.0,0.0,0.0,0.0,0.0,0.0,0.0,0.0
204.0,0.0,SR540,['https://cdn.tous.com/media/catalog/product/cache/image/512x512/9df78eab33525d08d6e5fb8d27136e95/9/1/918562500.jpg'],0.0,0.0,1.0,0.0,0.0,0.0,0.0,0.0,1.0,0.0,0.0,0.0,0.0,0.0,0.0,1.0,0.0,0.0,0.0,0.0,0.0,0.0,0.0,0.0,0.0,0.0,0.0,0.0,0.0,0.0,0.0,0.0,0.0,0.0,0.0,0.0,0.0,0.0,0.0,0.0
205.0,0.0,SR410,['https://cdn.tous.com/media/catalog/product/cache/image/512x512/9df78eab33525d08d6e5fb8d27136e95/9/1/918572500.jpg'],0.0,0.0,1.0,0.0,0.0,0.0,0.0,0.0,0.0,0.0,0.0,0.0,0.0,1.0,0.0,1.0,0.0,0.0,0.0,0.0,0.0,0.0,0.0,0.0,0.0,0.0,0.0,0.0,0.0,0.0,0.0,0.0,0.0,0.0,0.0,0.0,0.0,0.0,0.0,0.0
206.0,0.0,SR410,['https://cdn.tous.com/media/catalog/product/cache/image/512x512/9df78eab33525d08d6e5fb8d27136e95/9/1/918572510.jpg'],0.0,0.0,1.0,0.0,0.0,0.0,0.0,0.0,0.0,0.0,0.0,0.0,0.0,1.0,0.0,1.0,0.0,0.0,0.0,0.0,0.0,0.0,0.0,0.0,0.0,0.0,0.0,0.0,0.0,0.0,0.0,0.0,0.0,0.0,0.0,0.0,0.0,0.0,0.0,0.0
207.0,0.0,"SR2,900",['https://cdn.tous.com/media/catalog/product/cache/image/512x512/9df78eab33525d08d6e5fb8d27136e95/9/1/918532040.jpg'],0.0,0.0,1.0,0.0,0.0,0.0,0.0,1.0,0.0,0.0,0.0,0.0,0.0,0.0,0.0,1.0,0.0,0.0,0.0,0.0,0.0,0.0,0.0,0.0,0.0,0.0,0.0,0.0,1.0,0.0,0.0,0.0,0.0,0.0,0.0,0.0,1.0,0.0,1.0,1.0
208.0,0.0,SR570,['https://cdn.tous.com/media/catalog/product/cache/image/512x512/9df78eab33525d08d6e5fb8d27136e95/9/1/912724540.jpg'],0.0,0.0,1.0,0.0,0.0,0.0,0.0,0.0,1.0,0.0,0.0,0.0,0.0,0.0,0.0,1.0,0.0,0.0,0.0,0.0,0.0,0.0,0.0,0.0,0.0,0.0,0.0,0.0,0.0,0.0,0.0,0.0,0.0,0.0,0.0,0.0,0.0,0.0,0.0,0.0
209.0,0.0,"SR3,900",['https://cdn.tous.com/media/catalog/product/cache/image/512x512/9df78eab33525d08d6e5fb8d27136e95/9/1/918522000.jpg'],0.0,0.0,1.0,0.0,0.0,0.0,0.0,1.0,0.0,1.0,0.0,0.0,0.0,0.0,0.0,2.0,0.0,0.0,0.0,0.0,0.0,0.0,0.0,0.0,0.0,0.0,0.0,0.0,0.0,0.0,0.0,0.0,0.0,0.0,0.0,0.0,0.0,1.0,0.0,1.0
210.0,0.0,SR540,['https://cdn.tous.com/media/catalog/product/cache/image/512x512/9df78eab33525d08d6e5fb8d27136e95/9/1/915304570.jpg'],0.0,0.0,1.0,0.0,0.0,0.0,0.0,0.0,1.0,0.0,0.0,0.0,0.0,0.0,0.0,1.0,0.0,0.0,0.0,0.0,0.0,0.0,0.0,0.0,0.0,0.0,0.0,0.0,0.0,0.0,0.0,0.0,0.0,0.0,0.0,0.0,0.0,0.0,0.0,0.0
211.0,0.0,"SR1,200",['https://cdn.tous.com/media/catalog/product/cache/image/512x512/9df78eab33525d08d6e5fb8d27136e95/9/1/912722510.jpg'],0.0,0.0,1.0,0.0,0.0,0.0,0.0,1.0,0.0,0.0,0.0,0.0,1.0,0.0,0.0,2.0,0.0,0.0,0.0,0.0,0.0,0.0,0.0,0.0,0.0,0.0,0.0,0.0,0.0,0.0,0.0,0.0,0.0,1.0,0.0,0.0,1.0,0.0,0.0,0.0
212.0,0.0,"SR1,400",['https://cdn.tous.com/media/catalog/product/cache/image/512x512/9df78eab33525d08d6e5fb8d27136e95/9/1/912722500.jpg'],0.0,0.0,1.0,0.0,0.0,0.0,0.0,1.0,0.0,0.0,0.0,0.0,1.0,0.0,0.0,2.0,0.0,0.0,0.0,0.0,0.0,0.0,0.0,0.0,0.0,0.0,0.0,0.0,0.0,0.0,0.0,0.0,0.0,1.0,0.0,0.0,1.0,0.0,0.0,0.0
213.0,0.0,SR410,['https://cdn.tous.com/media/catalog/product/cache/image/512x512/9df78eab33525d08d6e5fb8d27136e95/9/1/915304560.jpg'],0.0,0.0,1.0,0.0,0.0,0.0,0.0,0.0,1.0,0.0,0.0,0.0,0.0,0.0,0.0,1.0,0.0,0.0,0.0,0.0,0.0,0.0,0.0,0.0,0.0,0.0,0.0,0.0,0.0,0.0,0.0,0.0,0.0,0.0,0.0,0.0,0.0,0.0,0.0,0.0
214.0,0.0,SR485,['https://cdn.tous.com/media/catalog/product/cache/image/512x512/9df78eab33525d08d6e5fb8d27136e95/9/1/915302530.jpg'],0.0,0.0,1.0,0.0,0.0,0.0,0.0,0.0,1.0,0.0,0.0,0.0,0.0,0.0,0.0,1.0,0.0,0.0,0.0,0.0,0.0,0.0,0.0,0.0,0.0,0.0,0.0,0.0,0.0,0.0,0.0,0.0,0.0,0.0,0.0,0.0,0.0,0.0,0.0,0.0
215.0,0.0,SR455,['https://cdn.tous.com/media/catalog/product/cache/image/512x512/9df78eab33525d08d6e5fb8d27136e95/9/1/915302520.jpg'],0.0,0.0,1.0,0.0,0.0,0.0,0.0,0.0,1.0,0.0,0.0,0.0,0.0,0.0,0.0,1.0,0.0,0.0,0.0,0.0,0.0,0.0,0.0,0.0,0.0,0.0,0.0,0.0,0.0,0.0,0.0,0.0,0.0,0.0,0.0,0.0,0.0,0.0,0.0,0.0
216.0,0.0,SR455,['https://cdn.tous.com/media/catalog/product/cache/image/512x512/9df78eab33525d08d6e5fb8d27136e95/9/1/915302510.jpg'],0.0,0.0,1.0,0.0,0.0,0.0,0.0,0.0,1.0,0.0,0.0,0.0,0.0,0.0,0.0,1.0,0.0,0.0,0.0,0.0,0.0,0.0,0.0,0.0,0.0,0.0,0.0,0.0,0.0,0.0,0.0,0.0,0.0,0.0,0.0,0.0,0.0,0.0,0.0,0.0
217.0,0.0,SR850,['https://cdn.tous.com/media/catalog/product/cache/image/512x512/9df78eab33525d08d6e5fb8d27136e95/8/1/818022550.jpg'],0.0,0.0,1.0,0.0,0.0,0.0,0.0,1.0,1.0,0.0,0.0,0.0,1.0,0.0,0.0,3.0,1.0,0.0,0.0,0.0,0.0,0.0,0.0,0.0,0.0,0.0,0.0,0.0,0.0,0.0,0.0,0.0,0.0,0.0,0.0,0.0,1.0,0.0,0.0,0.0
218.0,0.0,"SR2,500",['https://cdn.tous.com/media/catalog/product/cache/image/512x512/9df78eab33525d08d6e5fb8d27136e95/8/1/818022500.jpg'],0.0,0.0,1.0,0.0,0.0,0.0,0.0,1.0,1.0,0.0,0.0,0.0,1.0,0.0,0.0,3.0,0.0,0.0,0.0,0.0,0.0,0.0,0.0,0.0,0.0,0.0,0.0,0.0,0.0,0.0,0.0,0.0,0.0,0.0,0.0,0.0,0.0,0.0,0.0,0.0
219.0,0.0,"SR1,700",['https://cdn.tous.com/media/catalog/product/cache/image/512x512/9df78eab33525d08d6e5fb8d27136e95/8/1/818022570.jpg'],0.0,0.0,1.0,0.0,0.0,0.0,0.0,0.0,1.0,0.0,0.0,0.0,0.0,0.0,0.0,1.0,0.0,0.0,0.0,0.0,0.0,0.0,0.0,0.0,0.0,0.0,0.0,0.0,0.0,0.0,0.0,0.0,0.0,0.0,0.0,0.0,0.0,0.0,0.0,0.0
220.0,0.0,"SR2,500",['https://cdn.tous.com/media/catalog/product/cache/image/512x512/9df78eab33525d08d6e5fb8d27136e95/8/1/818022540.jpg'],0.0,0.0,1.0,0.0,0.0,0.0,0.0,1.0,1.0,0.0,0.0,0.0,1.0,0.0,0.0,3.0,0.0,0.0,0.0,0.0,0.0,0.0,0.0,0.0,0.0,0.0,0.0,0.0,0.0,0.0,0.0,0.0,0.0,0.0,0.0,0.0,0.0,0.0,0.0,0.0
221.0,0.0,SR660,['https://cdn.tous.com/media/catalog/product/cache/image/512x512/9df78eab33525d08d6e5fb8d27136e95/8/1/815032500.jpg'],0.0,0.0,1.0,0.0,0.0,0.0,0.0,0.0,1.0,0.0,0.0,0.0,0.0,0.0,0.0,1.0,0.0,0.0,0.0,0.0,0.0,0.0,0.0,0.0,0.0,0.0,0.0,0.0,0.0,0.0,0.0,0.0,0.0,0.0,0.0,0.0,0.0,0.0,0.0,0.0
222.0,0.0,"SR1,500",['https://cdn.tous.com/media/catalog/product/cache/image/512x512/9df78eab33525d08d6e5fb8d27136e95/8/1/812442030.jpg'],0.0,0.0,1.0,0.0,0.0,0.0,0.0,1.0,1.0,0.0,0.0,0.0,0.0,0.0,1.0,3.0,0.0,0.0,0.0,0.0,0.0,0.0,0.0,0.0,0.0,0.0,0.0,0.0,0.0,0.0,0.0,1.0,0.0,0.0,0.0,0.0,1.0,0.0,0.0,0.0
223.0,0.0,"SR3,300",['https://cdn.tous.com/media/catalog/product/cache/image/512x512/9df78eab33525d08d6e5fb8d27136e95/8/1/812442160.jpg'],0.0,0.0,1.0,0.0,0.0,0.0,0.0,1.0,0.0,0.0,0.0,0.0,0.0,0.0,0.0,1.0,1.0,0.0,0.0,0.0,0.0,0.0,0.0,0.0,0.0,0.0,0.0,0.0,0.0,0.0,0.0,0.0,0.0,1.0,0.0,0.0,2.0,0.0,0.0,0.0
224.0,0.0,"SR3,300",['https://cdn.tous.com/media/catalog/product/cache/image/512x512/9df78eab33525d08d6e5fb8d27136e95/8/1/812442020.jpg'],0.0,0.0,1.0,0.0,0.0,0.0,0.0,1.0,1.0,0.0,0.0,0.0,0.0,0.0,0.0,2.0,0.0,0.0,0.0,0.0,0.0,0.0,0.0,0.0,0.0,0.0,0.0,0.0,0.0,0.0,0.0,0.0,0.0,1.0,0.0,0.0,1.0,0.0,0.0,0.0
225.0,0.0,"SR12,400",['https://cdn.tous.com/media/catalog/product/cache/image/512x512/9df78eab33525d08d6e5fb8d27136e95/8/1/812442130.jpg'],0.0,0.0,1.0,0.0,0.0,0.0,0.0,1.0,1.0,0.0,0.0,0.0,0.0,0.0,0.0,2.0,0.0,0.0,0.0,0.0,0.0,0.0,0.0,0.0,0.0,0.0,0.0,0.0,0.0,0.0,0.0,0.0,0.0,1.0,0.0,0.0,1.0,0.0,0.0,0.0
226.0,0.0,"SR12,200",['https://cdn.tous.com/media/catalog/product/cache/image/512x512/9df78eab33525d08d6e5fb8d27136e95/8/1/812442140.jpg'],0.0,0.0,1.0,0.0,0.0,0.0,0.0,1.0,0.0,0.0,0.0,0.0,0.0,0.0,0.0,1.0,1.0,0.0,0.0,0.0,0.0,0.0,0.0,0.0,0.0,0.0,0.0,0.0,0.0,0.0,0.0,0.0,0.0,1.0,0.0,0.0,2.0,0.0,0.0,0.0
227.0,0.0,"SR5,900",['https://cdn.tous.com/media/catalog/product/cache/image/512x512/9df78eab33525d08d6e5fb8d27136e95/8/1/812442000.jpg'],0.0,0.0,1.0,0.0,0.0,0.0,0.0,1.0,0.0,0.0,0.0,0.0,0.0,0.0,0.0,1.0,0.0,0.0,0.0,0.0,0.0,0.0,0.0,0.0,0.0,0.0,0.0,0.0,0.0,0.0,0.0,0.0,0.0,1.0,0.0,0.0,1.0,1.0,0.0,1.0
228.0,0.0,SR830,['https://cdn.tous.com/media/catalog/product/cache/image/512x512/9df78eab33525d08d6e5fb8d27136e95/8/1/812442060.jpg'],0.0,0.0,1.0,0.0,0.0,0.0,0.0,1.0,1.0,0.0,0.0,0.0,0.0,0.0,1.0,3.0,1.0,0.0,0.0,0.0,0.0,0.0,0.0,0.0,0.0,0.0,0.0,0.0,0.0,0.0,0.0,0.0,0.0,0.0,0.0,0.0,1.0,0.0,0.0,0.0
229.0,0.0,SR990,['https://cdn.tous.com/media/catalog/product/cache/image/512x512/9df78eab33525d08d6e5fb8d27136e95/8/1/812412500.jpg'],0.0,0.0,1.0,0.0,0.0,0.0,0.0,0.0,1.0,0.0,0.0,0.0,0.0,0.0,0.0,1.0,0.0,0.0,0.0,0.0,0.0,0.0,0.0,0.0,0.0,0.0,0.0,0.0,0.0,0.0,0.0,0.0,0.0,0.0,0.0,0.0,0.0,0.0,0.0,0.0
230.0,0.0,SR730,['https://cdn.tous.com/media/catalog/product/cache/image/512x512/9df78eab33525d08d6e5fb8d27136e95/8/1/812412510.jpg'],0.0,0.0,1.0,0.0,0.0,0.0,0.0,0.0,1.0,0.0,0.0,0.0,0.0,0.0,0.0,1.0,0.0,0.0,0.0,0.0,0.0,0.0,0.0,0.0,0.0,0.0,0.0,0.0,0.0,0.0,0.0,0.0,0.0,0.0,0.0,0.0,0.0,0.0,0.0,0.0
231.0,0.0,"SR1,300",['https://cdn.tous.com/media/catalog/product/cache/image/512x512/9df78eab33525d08d6e5fb8d27136e95/8/1/812782030.jpg'],0.0,0.0,1.0,0.0,0.0,0.0,0.0,1.0,0.0,0.0,0.0,0.0,0.0,0.0,0.0,1.0,1.0,0.0,0.0,0.0,0.0,0.0,0.0,0.0,0.0,0.0,0.0,0.0,0.0,0.0,0.0,0.0,0.0,0.0,0.0,0.0,1.0,0.0,0.0,0.0
232.0,0.0,"SR1,300",['https://cdn.tous.com/media/catalog/product/cache/image/512x512/9df78eab33525d08d6e5fb8d27136e95/8/1/812782000.jpg'],0.0,0.0,1.0,0.0,0.0,0.0,0.0,1.0,0.0,0.0,0.0,0.0,0.0,0.0,0.0,1.0,1.0,0.0,0.0,0.0,0.0,0.0,0.0,0.0,0.0,0.0,0.0,0.0,0.0,0.0,0.0,0.0,0.0,0.0,0.0,0.0,1.0,0.0,0.0,0.0
233.0,0.0,"SR1,300",['https://cdn.tous.com/media/catalog/product/cache/image/512x512/9df78eab33525d08d6e5fb8d27136e95/8/1/812782020.jpg'],0.0,0.0,1.0,0.0,0.0,0.0,0.0,1.0,0.0,0.0,0.0,0.0,0.0,0.0,0.0,1.0,1.0,0.0,0.0,0.0,0.0,0.0,0.0,0.0,0.0,0.0,0.0,0.0,0.0,0.0,0.0,0.0,0.0,0.0,0.0,0.0,1.0,0.0,0.0,0.0
234.0,0.0,SR630,['https://cdn.tous.com/media/catalog/product/cache/image/512x512/9df78eab33525d08d6e5fb8d27136e95/8/1/816682510.jpg'],0.0,0.0,1.0,0.0,0.0,0.0,0.0,0.0,1.0,0.0,0.0,0.0,1.0,0.0,0.0,2.0,0.0,0.0,0.0,0.0,0.0,0.0,0.0,0.0,0.0,0.0,0.0,0.0,0.0,0.0,0.0,0.0,0.0,0.0,0.0,0.0,0.0,0.0,0.0,0.0
235.0,0.0,"SR1,400",['https://cdn.tous.com/media/catalog/product/cache/image/512x512/9df78eab33525d08d6e5fb8d27136e95/8/1/814154530.jpg'],0.0,0.0,1.0,0.0,0.0,0.0,0.0,0.0,1.0,0.0,0.0,0.0,1.0,0.0,0.0,2.0,0.0,0.0,0.0,0.0,0.0,0.0,0.0,0.0,0.0,0.0,0.0,0.0,0.0,0.0,0.0,0.0,0.0,1.0,0.0,0.0,1.0,0.0,0.0,0.0
236.0,0.0,SR760,['https://cdn.tous.com/media/catalog/product/cache/image/512x512/9df78eab33525d08d6e5fb8d27136e95/8/1/814154510.jpg'],0.0,0.0,1.0,0.0,0.0,0.0,0.0,0.0,1.0,0.0,0.0,0.0,0.0,0.0,0.0,1.0,1.0,0.0,0.0,0.0,0.0,0.0,0.0,0.0,0.0,0.0,0.0,0.0,0.0,0.0,0.0,0.0,0.0,0.0,0.0,0.0,1.0,0.0,0.0,0.0
237.0,0.0,"SR4,100",['https://cdn.tous.com/media/catalog/product/cache/image/512x512/9df78eab33525d08d6e5fb8d27136e95/8/1/814152000.jpg'],0.0,0.0,1.0,0.0,0.0,0.0,0.0,1.0,0.0,0.0,0.0,0.0,0.0,0.0,0.0,1.0,1.0,0.0,0.0,0.0,0.0,0.0,0.0,0.0,0.0,0.0,0.0,0.0,0.0,0.0,0.0,0.0,0.0,1.0,0.0,0.0,2.0,1.0,0.0,1.0
238.0,0.0,SR760,['https://cdn.tous.com/media/catalog/product/cache/image/512x512/9df78eab33525d08d6e5fb8d27136e95/8/1/814152510.jpg'],0.0,0.0,1.0,0.0,0.0,0.0,0.0,0.0,1.0,0.0,0.0,0.0,1.0,0.0,0.0,2.0,1.0,0.0,0.0,0.0,0.0,0.0,0.0,0.0,0.0,0.0,0.0,0.0,0.0,0.0,0.0,0.0,0.0,0.0,0.0,0.0,1.0,0.0,1.0,1.0
239.0,0.0,SR455,['https://cdn.tous.com/media/catalog/product/cache/image/512x512/9df78eab33525d08d6e5fb8d27136e95/8/1/814152500.jpg'],0.0,0.0,1.0,0.0,0.0,0.0,0.0,0.0,1.0,0.0,0.0,0.0,0.0,0.0,0.0,1.0,1.0,0.0,0.0,0.0,0.0,0.0,0.0,0.0,0.0,0.0,0.0,0.0,0.0,0.0,0.0,0.0,0.0,0.0,0.0,0.0,1.0,0.0,0.0,0.0
240.0,0.0,"SR5,600",['https://cdn.tous.com/media/catalog/product/cache/image/512x512/9df78eab33525d08d6e5fb8d27136e95/2/1/215612363.jpg'],0.0,0.0,1.0,0.0,0.0,0.0,0.0,1.0,0.0,0.0,0.0,0.0,0.0,0.0,0.0,1.0,0.0,0.0,0.0,0.0,0.0,0.0,0.0,0.0,0.0,0.0,0.0,0.0,0.0,0.0,0.0,0.0,0.0,0.0,0.0,0.0,0.0,0.0,1.0,1.0
241.0,0.0,SR410,['https://cdn.tous.com/media/catalog/product/cache/image/512x512/9df78eab33525d08d6e5fb8d27136e95/9/1/918494500.jpg'],0.0,0.0,0.0,0.0,0.0,1.0,0.0,0.0,1.0,0.0,0.0,0.0,0.0,0.0,0.0,1.0,0.0,0.0,0.0,0.0,0.0,0.0,0.0,0.0,0.0,0.0,0.0,0.0,0.0,0.0,0.0,0.0,0.0,0.0,0.0,0.0,0.0,0.0,0.0,0.0
242.0,0.0,SR485,['https://cdn.tous.com/media/catalog/product/cache/image/512x512/9df78eab33525d08d6e5fb8d27136e95/9/1/914174570.jpg'],0.0,0.0,0.0,0.0,0.0,1.0,0.0,0.0,1.0,0.0,0.0,0.0,0.0,0.0,0.0,1.0,0.0,0.0,0.0,0.0,0.0,0.0,0.0,0.0,0.0,0.0,0.0,0.0,0.0,0.0,0.0,0.0,0.0,0.0,0.0,0.0,0.0,0.0,0.0,0.0
243.0,0.0,"SR1,100",['https://cdn.tous.com/media/catalog/product/cache/image/512x512/9df78eab33525d08d6e5fb8d27136e95/9/1/914154510.jpg'],0.0,0.0,0.0,0.0,0.0,1.0,0.0,1.0,0.0,0.0,0.0,0.0,1.0,0.0,0.0,2.0,0.0,0.0,0.0,0.0,0.0,0.0,0.0,0.0,0.0,0.0,0.0,0.0,0.0,0.0,0.0,0.0,0.0,0.0,0.0,0.0,0.0,0.0,1.0,1.0
244.0,0.0,SR370,['https://cdn.tous.com/media/catalog/product/cache/image/512x512/9df78eab33525d08d6e5fb8d27136e95/9/1/914154530.jpg'],0.0,0.0,0.0,0.0,0.0,1.0,0.0,0.0,1.0,0.0,0.0,0.0,0.0,0.0,0.0,1.0,0.0,0.0,0.0,0.0,0.0,0.0,0.0,0.0,0.0,0.0,0.0,0.0,0.0,0.0,0.0,0.0,0.0,0.0,0.0,0.0,0.0,0.0,0.0,0.0
245.0,0.0,SR540,['https://cdn.tous.com/media/catalog/product/cache/image/512x512/9df78eab33525d08d6e5fb8d27136e95/9/1/914154540.jpg'],0.0,0.0,0.0,0.0,0.0,1.0,0.0,0.0,1.0,0.0,0.0,0.0,0.0,0.0,0.0,1.0,0.0,0.0,0.0,0.0,0.0,0.0,0.0,0.0,0.0,0.0,0.0,0.0,0.0,0.0,0.0,0.0,0.0,0.0,0.0,0.0,0.0,0.0,0.0,0.0
246.0,0.0,SR790,['https://cdn.tous.com/media/catalog/product/cache/image/512x512/9df78eab33525d08d6e5fb8d27136e95/9/1/914154520.jpg'],0.0,0.0,0.0,0.0,0.0,1.0,0.0,1.0,0.0,0.0,0.0,0.0,1.0,0.0,0.0,2.0,0.0,0.0,0.0,0.0,0.0,0.0,0.0,0.0,0.0,0.0,0.0,0.0,0.0,0.0,0.0,0.0,0.0,0.0,0.0,0.0,0.0,0.0,1.0,1.0
247.0,0.0,SR740,['https://cdn.tous.com/media/catalog/product/cache/image/512x512/9df78eab33525d08d6e5fb8d27136e95/9/1/914154000.jpg'],0.0,0.0,0.0,0.0,0.0,1.0,0.0,1.0,0.0,0.0,0.0,0.0,0.0,0.0,0.0,1.0,1.0,0.0,0.0,0.0,0.0,0.0,0.0,0.0,0.0,0.0,0.0,0.0,0.0,0.0,0.0,0.0,0.0,0.0,0.0,0.0,1.0,0.0,0.0,0.0
248.0,0.0,"SR3,900",['https://cdn.tous.com/media/catalog/product/cache/image/512x512/9df78eab33525d08d6e5fb8d27136e95/9/1/915114020.jpg'],0.0,0.0,0.0,0.0,0.0,1.0,0.0,1.0,0.0,0.0,0.0,0.0,0.0,0.0,0.0,1.0,0.0,0.0,0.0,0.0,0.0,0.0,0.0,0.0,0.0,0.0,0.0,0.0,0.0,0.0,0.0,0.0,0.0,0.0,0.0,0.0,0.0,1.0,0.0,1.0
249.0,0.0,SR239,['https://cdn.tous.com/media/catalog/product/cache/image/512x512/9df78eab33525d08d6e5fb8d27136e95/9/1/912784540.jpg'],0.0,0.0,0.0,0.0,0.0,1.0,0.0,0.0,1.0,0.0,0.0,0.0,0.0,0.0,0.0,1.0,0.0,0.0,0.0,0.0,0.0,0.0,0.0,0.0,0.0,0.0,0.0,0.0,0.0,0.0,0.0,0.0,0.0,0.0,0.0,0.0,0.0,0.0,0.0,0.0
250.0,0.0,SR320,['https://cdn.tous.com/media/catalog/product/cache/image/512x512/9df78eab33525d08d6e5fb8d27136e95/9/1/912784560.jpg'],0.0,0.0,0.0,0.0,0.0,1.0,0.0,0.0,1.0,0.0,0.0,0.0,0.0,0.0,0.0,1.0,0.0,0.0,0.0,0.0,0.0,0.0,0.0,0.0,0.0,0.0,0.0,0.0,0.0,0.0,0.0,0.0,0.0,0.0,0.0,0.0,0.0,0.0,0.0,0.0
251.0,0.0,SR239,['https://cdn.tous.com/media/catalog/product/cache/image/512x512/9df78eab33525d08d6e5fb8d27136e95/9/1/912784520.jpg'],0.0,0.0,0.0,0.0,0.0,1.0,0.0,0.0,1.0,0.0,0.0,0.0,0.0,0.0,0.0,1.0,0.0,0.0,0.0,0.0,0.0,0.0,0.0,0.0,0.0,0.0,0.0,0.0,0.0,0.0,0.0,0.0,0.0,0.0,0.0,0.0,0.0,0.0,0.0,0.0
252.0,0.0,SR239,['https://cdn.tous.com/media/catalog/product/cache/image/512x512/9df78eab33525d08d6e5fb8d27136e95/9/1/912784550.jpg'],0.0,0.0,0.0,0.0,0.0,1.0,0.0,0.0,1.0,0.0,0.0,1.0,0.0,0.0,0.0,2.0,1.0,0.0,0.0,0.0,0.0,0.0,0.0,0.0,0.0,0.0,0.0,0.0,0.0,0.0,0.0,0.0,0.0,0.0,0.0,0.0,1.0,0.0,0.0,0.0
253.0,0.0,SR239,['https://cdn.tous.com/media/catalog/product/cache/image/512x512/9df78eab33525d08d6e5fb8d27136e95/9/1/912784530.jpg'],0.0,0.0,0.0,0.0,0.0,1.0,0.0,0.0,1.0,0.0,0.0,0.0,0.0,0.0,0.0,1.0,0.0,0.0,0.0,0.0,0.0,0.0,0.0,0.0,0.0,0.0,0.0,0.0,0.0,0.0,0.0,0.0,0.0,0.0,0.0,0.0,0.0,0.0,0.0,0.0
254.0,0.0,SR239,['https://cdn.tous.com/media/catalog/product/cache/image/512x512/9df78eab33525d08d6e5fb8d27136e95/9/1/912784500.jpg'],0.0,0.0,0.0,0.0,0.0,1.0,0.0,0.0,1.0,0.0,0.0,0.0,0.0,0.0,0.0,1.0,0.0,0.0,0.0,0.0,0.0,0.0,0.0,0.0,0.0,0.0,0.0,0.0,0.0,0.0,0.0,0.0,0.0,0.0,0.0,0.0,0.0,0.0,0.0,0.0
255.0,0.0,SR485,['https://cdn.tous.com/media/catalog/product/cache/image/512x512/9df78eab33525d08d6e5fb8d27136e95/9/1/918572520_2.jpg'],0.0,0.0,0.0,0.0,0.0,1.0,0.0,0.0,1.0,0.0,0.0,0.0,0.0,0.0,0.0,1.0,1.0,0.0,0.0,0.0,0.0,0.0,0.0,0.0,0.0,0.0,0.0,0.0,0.0,0.0,0.0,0.0,0.0,0.0,0.0,0.0,1.0,0.0,0.0,0.0
256.0,0.0,SR820,['https://cdn.tous.com/media/catalog/product/cache/image/512x512/9df78eab33525d08d6e5fb8d27136e95/9/1/918564510.jpg'],0.0,0.0,0.0,0.0,0.0,1.0,0.0,1.0,0.0,0.0,0.0,0.0,1.0,0.0,0.0,2.0,1.0,0.0,0.0,0.0,0.0,0.0,0.0,0.0,0.0,0.0,0.0,0.0,0.0,0.0,0.0,0.0,0.0,0.0,0.0,0.0,1.0,0.0,0.0,0.0
257.0,0.0,SR239,['https://cdn.tous.com/media/catalog/product/cache/image/512x512/9df78eab33525d08d6e5fb8d27136e95/9/1/918534500.jpg'],0.0,0.0,0.0,0.0,0.0,1.0,0.0,0.0,1.0,0.0,0.0,0.0,0.0,0.0,0.0,1.0,0.0,0.0,0.0,0.0,0.0,0.0,0.0,0.0,0.0,0.0,0.0,0.0,0.0,0.0,0.0,0.0,0.0,0.0,0.0,0.0,0.0,0.0,0.0,0.0
258.0,0.0,SR320,['https://cdn.tous.com/media/catalog/product/cache/image/512x512/9df78eab33525d08d6e5fb8d27136e95/9/1/912314500.jpg'],0.0,0.0,0.0,0.0,0.0,1.0,0.0,1.0,0.0,0.0,0.0,0.0,0.0,0.0,0.0,1.0,0.0,0.0,0.0,0.0,0.0,0.0,0.0,0.0,0.0,0.0,0.0,0.0,0.0,0.0,0.0,0.0,0.0,0.0,0.0,0.0,0.0,0.0,0.0,0.0
259.0,0.0,SR239,['https://cdn.tous.com/media/catalog/product/cache/image/512x512/9df78eab33525d08d6e5fb8d27136e95/9/1/912314520.jpg'],0.0,0.0,0.0,0.0,0.0,1.0,0.0,0.0,1.0,0.0,0.0,0.0,0.0,0.0,0.0,1.0,0.0,0.0,0.0,0.0,0.0,0.0,0.0,0.0,0.0,0.0,1.0,0.0,0.0,0.0,0.0,0.0,0.0,0.0,0.0,0.0,1.0,0.0,0.0,0.0
260.0,0.0,SR320,['https://cdn.tous.com/media/catalog/product/cache/image/512x512/9df78eab33525d08d6e5fb8d27136e95/9/1/912314510.jpg'],0.0,0.0,0.0,0.0,0.0,1.0,0.0,1.0,0.0,0.0,0.0,0.0,1.0,0.0,0.0,2.0,0.0,0.0,0.0,0.0,0.0,0.0,0.0,0.0,0.0,0.0,0.0,0.0,0.0,0.0,0.0,0.0,0.0,0.0,0.0,0.0,0.0,0.0,0.0,0.0
261.0,0.0,SR650,['https://cdn.tous.com/media/catalog/product/cache/image/512x512/9df78eab33525d08d6e5fb8d27136e95/9/1/918454500.jpg'],0.0,0.0,0.0,0.0,0.0,1.0,0.0,0.0,1.0,0.0,0.0,0.0,0.0,0.0,0.0,1.0,0.0,0.0,0.0,0.0,0.0,0.0,0.0,0.0,0.0,0.0,0.0,0.0,0.0,0.0,0.0,0.0,0.0,0.0,0.0,1.0,1.0,0.0,0.0,0.0
262.0,0.0,SR485,['https://cdn.tous.com/media/catalog/product/cache/image/512x512/9df78eab33525d08d6e5fb8d27136e95/9/1/918564500.jpg'],0.0,0.0,0.0,0.0,0.0,1.0,0.0,0.0,1.0,0.0,0.0,0.0,0.0,0.0,0.0,1.0,0.0,0.0,0.0,0.0,0.0,0.0,0.0,0.0,0.0,0.0,0.0,0.0,0.0,0.0,0.0,0.0,0.0,0.0,0.0,0.0,0.0,0.0,0.0,0.0
263.0,0.0,SR620,['https://cdn.tous.com/media/catalog/product/cache/image/512x512/9df78eab33525d08d6e5fb8d27136e95/9/1/918574510.jpg'],0.0,0.0,0.0,0.0,0.0,1.0,0.0,0.0,0.0,0.0,0.0,0.0,0.0,1.0,0.0,1.0,0.0,0.0,0.0,0.0,0.0,0.0,0.0,0.0,0.0,0.0,0.0,0.0,0.0,0.0,0.0,0.0,0.0,0.0,0.0,0.0,0.0,0.0,0.0,0.0
264.0,0.0,SR410,['https://cdn.tous.com/media/catalog/product/cache/image/512x512/9df78eab33525d08d6e5fb8d27136e95/9/1/918574500.jpg'],0.0,0.0,0.0,0.0,0.0,1.0,0.0,0.0,0.0,0.0,0.0,0.0,0.0,1.0,0.0,1.0,0.0,0.0,0.0,0.0,0.0,0.0,0.0,0.0,0.0,0.0,0.0,0.0,0.0,0.0,0.0,0.0,0.0,0.0,0.0,0.0,0.0,0.0,0.0,0.0
265.0,0.0,"SR1,100",['https://cdn.tous.com/media/catalog/product/cache/image/512x512/9df78eab33525d08d6e5fb8d27136e95/8/1/812344010.jpg'],0.0,1.0,0.0,0.0,0.0,0.0,0.0,1.0,0.0,0.0,0.0,0.0,0.0,0.0,0.0,1.0,0.0,0.0,0.0,0.0,0.0,0.0,0.0,0.0,0.0,0.0,0.0,0.0,0.0,0.0,0.0,0.0,0.0,0.0,0.0,0.0,0.0,0.0,0.0,0.0
266.0,0.0,"SR1,400",['https://cdn.tous.com/media/catalog/product/cache/image/512x512/9df78eab33525d08d6e5fb8d27136e95/8/1/812344020.jpg'],0.0,1.0,0.0,0.0,0.0,0.0,0.0,1.0,0.0,0.0,0.0,0.0,0.0,0.0,0.0,1.0,0.0,0.0,0.0,0.0,0.0,0.0,0.0,0.0,0.0,0.0,0.0,0.0,0.0,0.0,0.0,0.0,0.0,0.0,0.0,0.0,0.0,0.0,0.0,0.0
267.0,0.0,SR320,['https://cdn.tous.com/media/catalog/product/cache/image/512x512/9df78eab33525d08d6e5fb8d27136e95/8/1/812344530.jpg'],0.0,1.0,0.0,0.0,0.0,0.0,0.0,0.0,1.0,0.0,0.0,0.0,0.0,0.0,0.0,1.0,0.0,0.0,0.0,0.0,0.0,0.0,0.0,0.0,0.0,0.0,0.0,0.0,0.0,0.0,0.0,0.0,0.0,0.0,0.0,0.0,0.0,0.0,0.0,0.0
268.0,0.0,SR239,['https://cdn.tous.com/media/catalog/product/cache/image/512x512/9df78eab33525d08d6e5fb8d27136e95/8/1/812344510.jpg'],0.0,1.0,0.0,0.0,0.0,0.0,0.0,0.0,1.0,0.0,0.0,0.0,0.0,0.0,0.0,1.0,0.0,0.0,0.0,0.0,0.0,0.0,0.0,0.0,0.0,0.0,0.0,0.0,0.0,0.0,0.0,0.0,0.0,0.0,0.0,0.0,0.0,0.0,0.0,0.0
269.0,0.0,SR320,['https://cdn.tous.com/media/catalog/product/cache/image/512x512/9df78eab33525d08d6e5fb8d27136e95/8/1/812344520.jpg'],0.0,1.0,0.0,0.0,0.0,0.0,0.0,0.0,1.0,0.0,0.0,0.0,1.0,0.0,0.0,2.0,0.0,0.0,0.0,0.0,0.0,0.0,0.0,0.0,0.0,0.0,0.0,0.0,0.0,0.0,0.0,0.0,0.0,0.0,0.0,0.0,0.0,0.0,0.0,0.0
270.0,0.0,SR289,['https://cdn.tous.com/media/catalog/product/cache/image/512x512/9df78eab33525d08d6e5fb8d27136e95/8/1/812344500.jpg'],0.0,1.0,0.0,0.0,0.0,0.0,0.0,0.0,1.0,0.0,0.0,0.0,0.0,0.0,0.0,1.0,0.0,0.0,0.0,0.0,0.0,0.0,0.0,0.0,0.0,0.0,0.0,0.0,0.0,0.0,0.0,0.0,0.0,0.0,0.0,0.0,0.0,0.0,0.0,0.0
271.0,0.0,SR239,['https://cdn.tous.com/media/catalog/product/cache/image/512x512/9df78eab33525d08d6e5fb8d27136e95/8/1/812346580.jpg'],0.0,1.0,0.0,0.0,0.0,0.0,0.0,1.0,1.0,0.0,0.0,0.0,1.0,0.0,0.0,3.0,0.0,0.0,0.0,0.0,0.0,0.0,0.0,0.0,0.0,0.0,0.0,0.0,0.0,0.0,0.0,0.0,0.0,0.0,0.0,0.0,0.0,0.0,0.0,0.0
272.0,0.0,SR259,['https://cdn.tous.com/media/catalog/product/cache/image/512x512/9df78eab33525d08d6e5fb8d27136e95/8/1/812314560.jpg'],0.0,0.0,0.0,0.0,0.0,1.0,0.0,1.0,0.0,0.0,0.0,0.0,1.0,0.0,0.0,2.0,1.0,0.0,0.0,0.0,0.0,0.0,0.0,0.0,0.0,0.0,0.0,0.0,0.0,0.0,0.0,0.0,0.0,0.0,0.0,0.0,1.0,0.0,0.0,0.0
273.0,0.0,SR229,['https://cdn.tous.com/media/catalog/product/cache/image/512x512/9df78eab33525d08d6e5fb8d27136e95/8/1/812314550.jpg'],0.0,0.0,0.0,0.0,0.0,1.0,0.0,0.0,1.0,0.0,0.0,0.0,0.0,0.0,0.0,1.0,0.0,0.0,0.0,0.0,0.0,0.0,0.0,0.0,0.0,0.0,0.0,0.0,0.0,0.0,0.0,0.0,0.0,0.0,0.0,0.0,0.0,0.0,0.0,0.0
274.0,0.0,SR259,['https://cdn.tous.com/media/catalog/product/cache/image/512x512/9df78eab33525d08d6e5fb8d27136e95/8/1/812314570.jpg'],0.0,0.0,0.0,0.0,0.0,1.0,0.0,0.0,1.0,0.0,0.0,0.0,0.0,0.0,0.0,1.0,0.0,0.0,0.0,0.0,0.0,0.0,0.0,0.0,0.0,0.0,0.0,0.0,0.0,0.0,0.0,0.0,0.0,0.0,1.0,0.0,1.0,0.0,0.0,0.0
275.0,0.0,SR325,['https://cdn.tous.com/media/catalog/product/cache/image/512x512/9df78eab33525d08d6e5fb8d27136e95/8/1/812314540.jpg'],0.0,0.0,0.0,0.0,0.0,1.0,0.0,0.0,1.0,0.0,0.0,0.0,0.0,0.0,0.0,1.0,0.0,0.0,0.0,0.0,0.0,0.0,0.0,0.0,0.0,0.0,0.0,0.0,0.0,0.0,0.0,0.0,0.0,1.0,0.0,0.0,1.0,0.0,0.0,0.0
276.0,0.0,SR390,['https://cdn.tous.com/media/catalog/product/cache/image/512x512/9df78eab33525d08d6e5fb8d27136e95/8/1/812314520.jpg'],0.0,0.0,0.0,0.0,0.0,1.0,0.0,1.0,0.0,0.0,0.0,0.0,1.0,0.0,0.0,2.0,1.0,0.0,0.0,0.0,0.0,0.0,0.0,0.0,0.0,0.0,0.0,0.0,0.0,0.0,0.0,0.0,0.0,0.0,0.0,0.0,1.0,0.0,0.0,0.0
277.0,0.0,SR325,['https://cdn.tous.com/media/catalog/product/cache/image/512x512/9df78eab33525d08d6e5fb8d27136e95/8/1/812314510.jpg'],0.0,0.0,0.0,0.0,0.0,1.0,0.0,0.0,1.0,0.0,0.0,0.0,0.0,0.0,0.0,1.0,0.0,0.0,0.0,0.0,0.0,0.0,0.0,0.0,0.0,0.0,0.0,0.0,0.0,0.0,0.0,0.0,0.0,0.0,0.0,0.0,0.0,0.0,0.0,0.0
278.0,0.0,SR390,['https://cdn.tous.com/media/catalog/product/cache/image/512x512/9df78eab33525d08d6e5fb8d27136e95/8/1/812314530.jpg'],0.0,0.0,0.0,0.0,0.0,1.0,0.0,0.0,1.0,0.0,0.0,0.0,0.0,0.0,0.0,1.0,0.0,0.0,0.0,0.0,0.0,0.0,0.0,0.0,0.0,0.0,0.0,0.0,0.0,0.0,0.0,0.0,0.0,0.0,1.0,0.0,1.0,0.0,0.0,0.0
279.0,0.0,SR520,['https://cdn.tous.com/media/catalog/product/cache/image/512x512/9df78eab33525d08d6e5fb8d27136e95/8/1/812314500.jpg'],0.0,0.0,0.0,0.0,0.0,1.0,0.0,0.0,1.0,0.0,0.0,0.0,0.0,0.0,0.0,1.0,0.0,0.0,0.0,0.0,0.0,0.0,0.0,0.0,0.0,0.0,0.0,0.0,0.0,0.0,0.0,0.0,0.0,1.0,0.0,0.0,1.0,0.0,0.0,0.0
280.0,0.0,"SR3,300",['https://cdn.tous.com/media/catalog/product/cache/image/512x512/9df78eab33525d08d6e5fb8d27136e95/8/1/815034020.jpg'],0.0,0.0,0.0,0.0,0.0,1.0,0.0,1.0,0.0,0.0,0.0,0.0,0.0,0.0,0.0,1.0,0.0,0.0,0.0,0.0,0.0,0.0,0.0,0.0,0.0,0.0,0.0,0.0,0.0,0.0,0.0,0.0,0.0,0.0,0.0,0.0,0.0,0.0,0.0,0.0
281.0,0.0,"SR2,500",['https://cdn.tous.com/media/catalog/product/cache/image/512x512/9df78eab33525d08d6e5fb8d27136e95/8/1/815034010.jpg'],0.0,0.0,0.0,0.0,0.0,1.0,0.0,1.0,0.0,0.0,0.0,0.0,0.0,0.0,0.0,1.0,0.0,0.0,0.0,0.0,0.0,0.0,0.0,0.0,0.0,0.0,0.0,0.0,0.0,0.0,0.0,0.0,0.0,0.0,0.0,0.0,0.0,0.0,0.0,0.0
282.0,0.0,"SR1,600",['https://cdn.tous.com/media/catalog/product/cache/image/512x512/9df78eab33525d08d6e5fb8d27136e95/8/1/815034000.jpg'],0.0,0.0,0.0,0.0,0.0,1.0,0.0,1.0,0.0,0.0,0.0,0.0,0.0,0.0,0.0,1.0,1.0,0.0,0.0,0.0,0.0,0.0,0.0,0.0,0.0,0.0,0.0,0.0,0.0,0.0,0.0,0.0,0.0,0.0,0.0,0.0,1.0,0.0,0.0,0.0
283.0,0.0,SR660,['https://cdn.tous.com/media/catalog/product/cache/image/512x512/9df78eab33525d08d6e5fb8d27136e95/8/1/815034520.jpg'],0.0,0.0,0.0,0.0,0.0,1.0,0.0,0.0,1.0,0.0,0.0,0.0,1.0,0.0,0.0,2.0,0.0,0.0,0.0,0.0,0.0,0.0,0.0,0.0,0.0,0.0,0.0,0.0,0.0,0.0,0.0,0.0,0.0,0.0,0.0,0.0,0.0,0.0,0.0,0.0
284.0,0.0,SR495,['https://cdn.tous.com/media/catalog/product/cache/image/512x512/9df78eab33525d08d6e5fb8d27136e95/8/1/815034510.jpg'],0.0,0.0,0.0,0.0,0.0,1.0,0.0,0.0,1.0,0.0,0.0,0.0,1.0,0.0,0.0,2.0,0.0,0.0,0.0,0.0,0.0,0.0,0.0,0.0,0.0,0.0,0.0,0.0,0.0,0.0,0.0,0.0,0.0,0.0,0.0,0.0,0.0,0.0,0.0,0.0
285.0,0.0,SR410,['https://cdn.tous.com/media/catalog/product/cache/image/512x512/9df78eab33525d08d6e5fb8d27136e95/8/1/818024540.jpg'],0.0,0.0,0.0,0.0,0.0,1.0,0.0,0.0,1.0,0.0,0.0,0.0,0.0,0.0,0.0,1.0,0.0,0.0,0.0,0.0,0.0,0.0,0.0,0.0,0.0,0.0,0.0,0.0,0.0,0.0,0.0,0.0,0.0,0.0,0.0,0.0,0.0,0.0,0.0,0.0
286.0,0.0,SR410,['https://cdn.tous.com/media/catalog/product/cache/image/512x512/9df78eab33525d08d6e5fb8d27136e95/8/1/818024510.jpg'],0.0,0.0,0.0,0.0,0.0,1.0,0.0,0.0,1.0,0.0,0.0,1.0,0.0,0.0,0.0,2.0,0.0,0.0,0.0,0.0,0.0,0.0,0.0,0.0,0.0,0.0,0.0,0.0,0.0,0.0,0.0,0.0,0.0,0.0,0.0,0.0,0.0,0.0,0.0,0.0
287.0,0.0,SR455,['https://cdn.tous.com/media/catalog/product/cache/image/512x512/9df78eab33525d08d6e5fb8d27136e95/8/1/818024530.jpg'],0.0,0.0,0.0,0.0,0.0,1.0,0.0,0.0,1.0,0.0,0.0,0.0,0.0,0.0,0.0,1.0,0.0,0.0,0.0,0.0,0.0,0.0,0.0,0.0,0.0,0.0,0.0,0.0,0.0,0.0,0.0,0.0,0.0,0.0,0.0,0.0,0.0,0.0,0.0,0.0
288.0,0.0,SR455,['https://cdn.tous.com/media/catalog/product/cache/image/512x512/9df78eab33525d08d6e5fb8d27136e95/8/1/818024550.jpg'],0.0,0.0,0.0,0.0,0.0,1.0,0.0,0.0,1.0,0.0,0.0,0.0,0.0,0.0,0.0,1.0,0.0,0.0,0.0,0.0,0.0,0.0,0.0,0.0,0.0,0.0,0.0,0.0,0.0,0.0,0.0,0.0,0.0,0.0,0.0,0.0,0.0,0.0,0.0,0.0
289.0,0.0,SR650,['https://cdn.tous.com/media/catalog/product/cache/image/512x512/9df78eab33525d08d6e5fb8d27136e95/7/1/713102500.jpg'],0.0,0.0,1.0,0.0,0.0,0.0,1.0,0.0,1.0,0.0,0.0,0.0,1.0,1.0,0.0,3.0,0.0,0.0,0.0,0.0,0.0,0.0,0.0,0.0,0.0,0.0,0.0,0.0,0.0,0.0,0.0,0.0,0.0,0.0,0.0,0.0,0.0,0.0,0.0,0.0
290.0,0.0,SR650,['https://cdn.tous.com/media/catalog/product/cache/image/512x512/9df78eab33525d08d6e5fb8d27136e95/7/1/713102510.jpg'],0.0,0.0,1.0,0.0,0.0,0.0,1.0,0.0,1.0,0.0,0.0,0.0,1.0,1.0,0.0,3.0,0.0,0.0,0.0,0.0,0.0,0.0,0.0,0.0,0.0,0.0,0.0,0.0,0.0,0.0,0.0,0.0,0.0,0.0,0.0,0.0,0.0,0.0,0.0,0.0
291.0,0.0,SR210,['https://cdn.tous.com/media/catalog/product/cache/image/512x512/9df78eab33525d08d6e5fb8d27136e95/6/1/611902540.jpg'],0.0,0.0,0.0,0.0,1.0,0.0,0.0,1.0,0.0,0.0,0.0,0.0,1.0,0.0,0.0,2.0,0.0,0.0,0.0,0.0,0.0,0.0,0.0,0.0,0.0,0.0,0.0,0.0,0.0,0.0,0.0,0.0,0.0,0.0,0.0,0.0,0.0,0.0,0.0,0.0
292.0,0.0,SR210,['https://cdn.tous.com/media/catalog/product/cache/image/512x512/9df78eab33525d08d6e5fb8d27136e95/6/1/611902530.jpg'],0.0,0.0,0.0,0.0,0.0,0.0,0.0,0.0,1.0,0.0,0.0,0.0,0.0,0.0,0.0,1.0,0.0,0.0,0.0,0.0,0.0,0.0,0.0,0.0,0.0,0.0,0.0,0.0,0.0,0.0,0.0,0.0,0.0,0.0,0.0,0.0,0.0,0.0,0.0,0.0
293.0,0.0,SR125,['https://cdn.tous.com/media/catalog/product/cache/image/512x512/9df78eab33525d08d6e5fb8d27136e95/9/1/918502500.jpg'],0.0,0.0,1.0,0.0,1.0,0.0,0.0,0.0,1.0,0.0,0.0,0.0,0.0,0.0,0.0,1.0,0.0,0.0,0.0,0.0,0.0,0.0,0.0,0.0,0.0,0.0,0.0,0.0,0.0,0.0,0.0,0.0,0.0,0.0,0.0,0.0,0.0,0.0,0.0,0.0
294.0,0.0,SR890,['https://cdn.tous.com/media/catalog/product/cache/image/512x512/9df78eab33525d08d6e5fb8d27136e95/8/1/812442050.jpg'],0.0,0.0,0.0,0.0,1.0,0.0,0.0,1.0,1.0,0.0,0.0,0.0,0.0,0.0,0.0,2.0,0.0,0.0,0.0,0.0,0.0,0.0,0.0,0.0,0.0,0.0,0.0,0.0,0.0,0.0,0.0,0.0,0.0,0.0,0.0,0.0,0.0,0.0,0.0,0.0
295.0,0.0,SR520,['https://cdn.tous.com/media/catalog/product/cache/image/512x512/9df78eab33525d08d6e5fb8d27136e95/8/1/812442040.jpg'],0.0,0.0,0.0,0.0,1.0,0.0,0.0,1.0,1.0,0.0,0.0,0.0,0.0,0.0,0.0,2.0,0.0,0.0,0.0,0.0,0.0,0.0,0.0,0.0,0.0,0.0,0.0,0.0,0.0,0.0,0.0,0.0,0.0,0.0,0.0,0.0,0.0,0.0,0.0,0.0
296.0,0.0,SR695,['https://cdn.tous.com/media/catalog/product/cache/image/512x512/9df78eab33525d08d6e5fb8d27136e95/8/1/812342610.jpg'],0.0,0.0,0.0,0.0,1.0,0.0,0.0,1.0,0.0,0.0,0.0,0.0,1.0,0.0,0.0,2.0,0.0,0.0,0.0,0.0,0.0,0.0,0.0,0.0,0.0,0.0,0.0,0.0,0.0,0.0,0.0,0.0,0.0,0.0,0.0,0.0,0.0,0.0,0.0,0.0
297.0,0.0,SR695,['https://cdn.tous.com/media/catalog/product/cache/image/512x512/9df78eab33525d08d6e5fb8d27136e95/8/1/812342600.jpg'],0.0,0.0,0.0,0.0,1.0,0.0,0.0,1.0,0.0,0.0,0.0,0.0,0.0,0.0,0.0,1.0,0.0,0.0,0.0,0.0,0.0,0.0,0.0,0.0,0.0,0.0,0.0,0.0,0.0,0.0,0.0,0.0,0.0,0.0,0.0,0.0,0.0,0.0,0.0,0.0
298.0,0.0,SR570,['https://cdn.tous.com/media/catalog/product/cache/image/512x512/9df78eab33525d08d6e5fb8d27136e95/8/1/812342590.jpg'],0.0,0.0,0.0,0.0,1.0,0.0,0.0,0.0,1.0,0.0,0.0,0.0,0.0,0.0,0.0,1.0,0.0,0.0,0.0,0.0,0.0,0.0,0.0,0.0,0.0,0.0,0.0,0.0,0.0,0.0,0.0,0.0,0.0,0.0,0.0,0.0,0.0,0.0,0.0,0.0
299.0,0.0,SR485,['https://cdn.tous.com/media/catalog/product/cache/image/512x512/9df78eab33525d08d6e5fb8d27136e95/8/1/812342580.jpg'],0.0,0.0,0.0,0.0,1.0,0.0,0.0,0.0,1.0,0.0,0.0,0.0,0.0,0.0,0.0,1.0,0.0,0.0,0.0,0.0,0.0,0.0,0.0,0.0,0.0,0.0,0.0,0.0,0.0,0.0,0.0,0.0,0.0,0.0,0.0,0.0,0.0,0.0,0.0,0.0
300.0,0.0,SR650,['https://cdn.tous.com/media/catalog/product/cache/image/512x512/9df78eab33525d08d6e5fb8d27136e95/8/1/812342510.jpg'],0.0,0.0,0.0,0.0,1.0,0.0,0.0,0.0,1.0,0.0,0.0,0.0,0.0,0.0,0.0,1.0,0.0,0.0,0.0,0.0,0.0,0.0,0.0,0.0,0.0,0.0,0.0,0.0,0.0,0.0,0.0,0.0,0.0,0.0,0.0,0.0,0.0,0.0,0.0,0.0
301.0,0.0,SR695,['https://cdn.tous.com/media/catalog/product/cache/image/512x512/9df78eab33525d08d6e5fb8d27136e95/8/1/812342500.jpg'],0.0,0.0,0.0,0.0,1.0,0.0,0.0,0.0,1.0,0.0,0.0,0.0,0.0,0.0,0.0,1.0,0.0,0.0,0.0,0.0,0.0,0.0,0.0,0.0,0.0,0.0,0.0,0.0,0.0,0.0,0.0,0.0,0.0,0.0,0.0,0.0,0.0,0.0,0.0,0.0
302.0,0.0,SR410,['https://cdn.tous.com/media/catalog/product/cache/image/512x512/9df78eab33525d08d6e5fb8d27136e95/8/1/811902590.jpg'],0.0,0.0,0.0,0.0,1.0,0.0,0.0,0.0,1.0,0.0,0.0,0.0,1.0,0.0,0.0,2.0,0.0,0.0,0.0,0.0,0.0,0.0,0.0,0.0,0.0,0.0,0.0,0.0,0.0,0.0,0.0,0.0,0.0,0.0,0.0,0.0,0.0,0.0,0.0,0.0
303.0,0.0,SR159,['https://cdn.tous.com/media/catalog/product/cache/image/512x512/9df78eab33525d08d6e5fb8d27136e95/8/1/811902450.jpg'],0.0,0.0,0.0,0.0,1.0,0.0,0.0,0.0,1.0,0.0,0.0,0.0,0.0,0.0,0.0,1.0,0.0,0.0,0.0,0.0,0.0,0.0,0.0,0.0,0.0,0.0,0.0,0.0,0.0,0.0,0.0,0.0,0.0,0.0,0.0,0.0,0.0,0.0,0.0,0.0
304.0,0.0,SR410,['https://cdn.tous.com/media/catalog/product/cache/image/512x512/9df78eab33525d08d6e5fb8d27136e95/8/1/811901342.jpg'],0.0,0.0,0.0,0.0,1.0,0.0,0.0,0.0,1.0,0.0,0.0,0.0,0.0,0.0,0.0,1.0,0.0,0.0,0.0,0.0,0.0,0.0,0.0,0.0,0.0,0.0,0.0,0.0,0.0,0.0,0.0,0.0,0.0,0.0,0.0,0.0,0.0,0.0,0.0,0.0
305.0,0.0,SR370,['https://cdn.tous.com/media/catalog/product/cache/image/512x512/9df78eab33525d08d6e5fb8d27136e95/8/1/811901340.jpg'],0.0,0.0,0.0,0.0,1.0,0.0,0.0,0.0,1.0,0.0,0.0,0.0,0.0,0.0,0.0,1.0,0.0,0.0,0.0,0.0,0.0,0.0,0.0,0.0,0.0,0.0,0.0,0.0,0.0,0.0,0.0,0.0,0.0,0.0,0.0,0.0,0.0,0.0,0.0,0.0
306.0,0.0,SR210,['https://cdn.tous.com/media/catalog/product/cache/image/512x512/9df78eab33525d08d6e5fb8d27136e95/8/1/811901330.jpg'],0.0,0.0,0.0,0.0,1.0,0.0,0.0,0.0,1.0,0.0,0.0,0.0,0.0,0.0,0.0,1.0,0.0,0.0,0.0,0.0,0.0,0.0,0.0,0.0,0.0,0.0,0.0,0.0,0.0,0.0,0.0,0.0,0.0,0.0,0.0,0.0,0.0,0.0,0.0,0.0
307.0,0.0,SR650,['https://cdn.tous.com/media/catalog/product/cache/image/512x512/9df78eab33525d08d6e5fb8d27136e95/8/1/811802450.jpg'],0.0,0.0,0.0,0.0,1.0,0.0,0.0,1.0,0.0,0.0,0.0,0.0,0.0,0.0,0.0,1.0,0.0,0.0,0.0,0.0,0.0,0.0,0.0,0.0,0.0,0.0,0.0,0.0,0.0,0.0,0.0,0.0,0.0,0.0,0.0,0.0,0.0,0.0,0.0,0.0
308.0,0.0,"SR1,100",['https://cdn.tous.com/media/catalog/product/cache/image/512x512/9df78eab33525d08d6e5fb8d27136e95/8/1/811800122.jpg'],0.0,0.0,0.0,0.0,1.0,0.0,0.0,0.0,0.0,0.0,0.0,0.0,0.0,1.0,0.0,1.0,0.0,0.0,0.0,0.0,0.0,0.0,0.0,0.0,0.0,0.0,0.0,0.0,0.0,0.0,0.0,0.0,0.0,0.0,0.0,0.0,0.0,0.0,0.0,0.0
309.0,0.0,SR570,['https://cdn.tous.com/media/catalog/product/cache/image/512x512/9df78eab33525d08d6e5fb8d27136e95/7/1/714008940.jpg'],0.0,0.0,0.0,0.0,1.0,0.0,0.0,1.0,0.0,0.0,0.0,0.0,0.0,0.0,0.0,1.0,0.0,0.0,0.0,0.0,0.0,0.0,0.0,0.0,0.0,0.0,0.0,0.0,0.0,0.0,0.0,0.0,0.0,0.0,0.0,0.0,0.0,0.0,0.0,0.0
310.0,0.0,SR570,['https://cdn.tous.com/media/catalog/product/cache/image/512x512/9df78eab33525d08d6e5fb8d27136e95/7/1/714008930.jpg'],0.0,0.0,0.0,0.0,1.0,0.0,0.0,1.0,0.0,0.0,0.0,0.0,0.0,0.0,0.0,1.0,0.0,0.0,0.0,0.0,0.0,0.0,0.0,0.0,0.0,0.0,0.0,0.0,0.0,0.0,0.0,0.0,0.0,0.0,0.0,0.0,0.0,0.0,0.0,0.0
311.0,0.0,"SR2,700",['https://cdn.tous.com/media/catalog/product/cache/image/512x512/9df78eab33525d08d6e5fb8d27136e95/7/1/714008910.jpg'],0.0,0.0,0.0,0.0,0.0,0.0,0.0,1.0,0.0,0.0,0.0,0.0,0.0,0.0,0.0,1.0,0.0,0.0,0.0,0.0,0.0,0.0,0.0,0.0,0.0,0.0,0.0,0.0,0.0,0.0,0.0,0.0,0.0,0.0,0.0,0.0,0.0,0.0,0.0,0.0
312.0,0.0,"SR1,500",['https://cdn.tous.com/media/catalog/product/cache/image/512x512/9df78eab33525d08d6e5fb8d27136e95/7/1/714000840.jpg'],0.0,0.0,0.0,0.0,1.0,0.0,0.0,1.0,0.0,0.0,0.0,0.0,0.0,0.0,0.0,1.0,0.0,0.0,0.0,0.0,0.0,0.0,0.0,0.0,0.0,0.0,0.0,0.0,0.0,0.0,0.0,0.0,0.0,0.0,0.0,0.0,0.0,0.0,0.0,0.0
313.0,0.0,"SR1,800",['https://cdn.tous.com/media/catalog/product/cache/image/512x512/9df78eab33525d08d6e5fb8d27136e95/4/1/411902530.jpg'],0.0,0.0,0.0,0.0,0.0,0.0,0.0,0.0,1.0,0.0,0.0,0.0,0.0,0.0,0.0,1.0,0.0,0.0,0.0,0.0,0.0,0.0,0.0,0.0,0.0,0.0,0.0,0.0,0.0,0.0,0.0,0.0,0.0,0.0,0.0,0.0,0.0,0.0,0.0,0.0
314.0,0.0,SR265,['https://cdn.tous.com/media/catalog/product/cache/image/512x512/9df78eab33525d08d6e5fb8d27136e95/3/1/316142011.jpg'],0.0,0.0,0.0,0.0,0.0,0.0,0.0,0.0,0.0,0.0,0.0,0.0,0.0,1.0,0.0,1.0,0.0,0.0,0.0,0.0,0.0,0.0,0.0,0.0,0.0,0.0,0.0,0.0,0.0,0.0,0.0,0.0,0.0,0.0,0.0,0.0,0.0,0.0,0.0,0.0
315.0,0.0,SR210,['https://cdn.tous.com/media/catalog/product/cache/image/512x512/9df78eab33525d08d6e5fb8d27136e95/3/1/316142010.jpg'],0.0,0.0,0.0,0.0,1.0,0.0,0.0,0.0,0.0,0.0,0.0,0.0,0.0,1.0,0.0,1.0,0.0,0.0,0.0,0.0,0.0,0.0,0.0,0.0,0.0,0.0,0.0,0.0,0.0,0.0,0.0,0.0,0.0,0.0,0.0,0.0,0.0,0.0,0.0,0.0
316.0,0.0,SR175,['https://cdn.tous.com/media/catalog/product/cache/image/512x512/9df78eab33525d08d6e5fb8d27136e95/3/1/316142001.jpg'],0.0,0.0,0.0,0.0,1.0,0.0,0.0,0.0,0.0,0.0,0.0,0.0,0.0,1.0,0.0,1.0,0.0,0.0,0.0,0.0,0.0,0.0,0.0,0.0,0.0,0.0,0.0,0.0,0.0,0.0,0.0,0.0,0.0,0.0,0.0,0.0,0.0,0.0,0.0,0.0
317.0,0.0,SR115,['https://cdn.tous.com/media/catalog/product/cache/image/512x512/9df78eab33525d08d6e5fb8d27136e95/3/1/316142000.jpg'],0.0,0.0,0.0,0.0,0.0,0.0,0.0,0.0,0.0,0.0,0.0,0.0,0.0,1.0,0.0,1.0,0.0,0.0,0.0,0.0,0.0,0.0,0.0,0.0,0.0,0.0,0.0,0.0,0.0,0.0,0.0,0.0,0.0,0.0,0.0,0.0,0.0,0.0,0.0,0.0
318.0,0.0,"SR3,600",['https://cdn.tous.com/media/catalog/product/cache/image/512x512/9df78eab33525d08d6e5fb8d27136e95/3/1/314002020.jpg'],0.0,0.0,0.0,0.0,1.0,0.0,0.0,1.0,0.0,1.0,0.0,0.0,0.0,0.0,0.0,2.0,0.0,0.0,0.0,0.0,0.0,0.0,0.0,0.0,0.0,0.0,0.0,0.0,0.0,0.0,0.0,0.0,0.0,0.0,0.0,0.0,0.0,0.0,0.0,0.0
319.0,0.0,"SR3,600",['https://cdn.tous.com/media/catalog/product/cache/image/512x512/9df78eab33525d08d6e5fb8d27136e95/3/1/314002010.jpg'],0.0,0.0,0.0,0.0,1.0,0.0,0.0,1.0,0.0,0.0,0.0,0.0,0.0,0.0,0.0,1.0,0.0,0.0,0.0,0.0,0.0,0.0,0.0,0.0,0.0,0.0,0.0,0.0,0.0,0.0,0.0,0.0,0.0,0.0,0.0,0.0,0.0,0.0,0.0,0.0
320.0,0.0,"SR2,200",['https://cdn.tous.com/media/catalog/product/cache/image/512x512/9df78eab33525d08d6e5fb8d27136e95/3/1/314000851.jpg'],0.0,0.0,0.0,0.0,1.0,0.0,0.0,1.0,0.0,0.0,0.0,0.0,0.0,0.0,0.0,1.0,0.0,0.0,0.0,0.0,0.0,0.0,0.0,0.0,0.0,0.0,0.0,0.0,0.0,0.0,0.0,0.0,0.0,0.0,0.0,0.0,0.0,0.0,0.0,0.0
321.0,0.0,"SR1,900",['https://cdn.tous.com/media/catalog/product/cache/image/512x512/9df78eab33525d08d6e5fb8d27136e95/3/1/314000850.jpg'],0.0,0.0,0.0,0.0,1.0,0.0,0.0,1.0,0.0,0.0,0.0,0.0,0.0,0.0,0.0,1.0,0.0,0.0,0.0,0.0,0.0,0.0,0.0,0.0,0.0,0.0,0.0,0.0,0.0,0.0,0.0,0.0,0.0,0.0,0.0,0.0,0.0,0.0,0.0,0.0
322.0,0.0,SR210,['https://cdn.tous.com/media/catalog/product/cache/image/512x512/9df78eab33525d08d6e5fb8d27136e95/3/1/311902930.jpg'],0.0,0.0,0.0,0.0,1.0,0.0,0.0,0.0,1.0,0.0,0.0,0.0,0.0,0.0,0.0,1.0,0.0,0.0,0.0,0.0,0.0,0.0,0.0,0.0,0.0,0.0,0.0,0.0,0.0,0.0,0.0,0.0,0.0,0.0,0.0,0.0,0.0,0.0,0.0,0.0
323.0,0.0,SR695,['https://cdn.tous.com/media/catalog/product/cache/image/512x512/9df78eab33525d08d6e5fb8d27136e95/3/1/311902920.jpg'],0.0,0.0,0.0,0.0,1.0,0.0,0.0,0.0,1.0,0.0,0.0,0.0,0.0,0.0,0.0,1.0,0.0,0.0,0.0,0.0,0.0,0.0,0.0,0.0,0.0,0.0,0.0,0.0,0.0,0.0,0.0,0.0,0.0,0.0,0.0,0.0,0.0,0.0,0.0,0.0
324.0,0.0,SR485,['https://cdn.tous.com/media/catalog/product/cache/image/512x512/9df78eab33525d08d6e5fb8d27136e95/3/1/311902910.jpg'],0.0,0.0,0.0,0.0,1.0,0.0,0.0,0.0,1.0,0.0,0.0,0.0,0.0,0.0,0.0,1.0,0.0,0.0,0.0,0.0,0.0,0.0,0.0,0.0,0.0,0.0,0.0,0.0,0.0,0.0,0.0,0.0,0.0,0.0,0.0,0.0,0.0,0.0,0.0,0.0
325.0,0.0,SR485,['https://cdn.tous.com/media/catalog/product/cache/image/512x512/9df78eab33525d08d6e5fb8d27136e95/3/1/311902540.jpg'],0.0,0.0,0.0,0.0,1.0,0.0,0.0,0.0,1.0,0.0,0.0,0.0,0.0,0.0,0.0,1.0,0.0,0.0,0.0,0.0,0.0,0.0,0.0,0.0,0.0,0.0,0.0,0.0,0.0,0.0,0.0,0.0,0.0,0.0,0.0,0.0,0.0,0.0,0.0,0.0
326.0,0.0,SR265,['https://cdn.tous.com/media/catalog/product/cache/image/512x512/9df78eab33525d08d6e5fb8d27136e95/3/1/311902530.jpg'],0.0,0.0,0.0,0.0,0.0,0.0,0.0,0.0,0.0,0.0,0.0,0.0,0.0,0.0,0.0,0.0,0.0,0.0,0.0,0.0,0.0,0.0,0.0,0.0,0.0,0.0,0.0,0.0,0.0,0.0,0.0,0.0,0.0,0.0,0.0,0.0,0.0,0.0,0.0,0.0
327.0,0.0,SR159,['https://cdn.tous.com/media/catalog/product/cache/image/512x512/9df78eab33525d08d6e5fb8d27136e95/3/1/311902520.jpg'],0.0,0.0,0.0,0.0,1.0,0.0,0.0,0.0,1.0,0.0,0.0,0.0,0.0,0.0,0.0,1.0,0.0,0.0,0.0,0.0,0.0,0.0,0.0,0.0,0.0,0.0,0.0,0.0,0.0,0.0,0.0,0.0,0.0,0.0,0.0,0.0,0.0,0.0,0.0,0.0
328.0,0.0,SR159,['https://cdn.tous.com/media/catalog/product/cache/image/512x512/9df78eab33525d08d6e5fb8d27136e95/3/1/311901280.jpg'],0.0,0.0,0.0,0.0,1.0,0.0,0.0,0.0,1.0,0.0,0.0,0.0,0.0,0.0,0.0,1.0,0.0,0.0,0.0,0.0,0.0,0.0,0.0,0.0,0.0,0.0,0.0,0.0,0.0,0.0,0.0,0.0,0.0,0.0,0.0,0.0,0.0,0.0,0.0,0.0
329.0,0.0,SR139,['https://cdn.tous.com/media/catalog/product/cache/image/512x512/9df78eab33525d08d6e5fb8d27136e95/2/1/218500440.jpg'],0.0,0.0,0.0,0.0,1.0,0.0,0.0,0.0,1.0,0.0,0.0,0.0,0.0,0.0,0.0,1.0,0.0,0.0,0.0,0.0,0.0,0.0,0.0,0.0,0.0,0.0,0.0,0.0,0.0,0.0,0.0,0.0,0.0,0.0,0.0,0.0,0.0,0.0,0.0,0.0
330.0,0.0,SR455,['https://cdn.tous.com/media/catalog/product/cache/image/512x512/9df78eab33525d08d6e5fb8d27136e95/2/1/217092600.jpg'],0.0,0.0,0.0,0.0,1.0,0.0,0.0,0.0,1.0,0.0,0.0,0.0,0.0,0.0,0.0,1.0,1.0,0.0,0.0,0.0,0.0,0.0,0.0,0.0,0.0,0.0,0.0,0.0,0.0,0.0,0.0,0.0,0.0,0.0,0.0,0.0,1.0,0.0,0.0,0.0
331.0,0.0,SR265,['https://cdn.tous.com/media/catalog/product/cache/image/512x512/9df78eab33525d08d6e5fb8d27136e95/2/1/216352540.jpg'],0.0,0.0,0.0,0.0,1.0,0.0,0.0,0.0,1.0,0.0,0.0,0.0,0.0,0.0,0.0,1.0,0.0,0.0,0.0,0.0,0.0,0.0,0.0,0.0,0.0,0.0,0.0,0.0,0.0,0.0,0.0,0.0,0.0,0.0,0.0,0.0,0.0,0.0,0.0,0.0
332.0,0.0,"SR1,500",['https://cdn.tous.com/media/catalog/product/cache/image/512x512/9df78eab33525d08d6e5fb8d27136e95/2/1/214002050.jpg'],0.0,0.0,0.0,0.0,0.0,0.0,0.0,1.0,0.0,1.0,0.0,0.0,0.0,0.0,0.0,2.0,0.0,0.0,0.0,0.0,0.0,0.0,0.0,0.0,0.0,0.0,0.0,0.0,0.0,0.0,0.0,0.0,0.0,0.0,0.0,0.0,0.0,0.0,0.0,0.0
333.0,0.0,"SR1,700",['https://cdn.tous.com/media/catalog/product/cache/image/512x512/9df78eab33525d08d6e5fb8d27136e95/2/1/214002040.jpg'],0.0,0.0,0.0,0.0,1.0,0.0,0.0,1.0,0.0,0.0,0.0,0.0,0.0,0.0,0.0,1.0,0.0,0.0,0.0,0.0,0.0,0.0,0.0,0.0,0.0,0.0,0.0,0.0,0.0,0.0,0.0,0.0,0.0,0.0,0.0,0.0,0.0,0.0,0.0,0.0
334.0,0.0,SR239,['https://cdn.tous.com/media/catalog/product/cache/image/512x512/9df78eab33525d08d6e5fb8d27136e95/2/1/211902750.jpg'],0.0,0.0,0.0,0.0,1.0,0.0,0.0,0.0,1.0,0.0,0.0,0.0,0.0,0.0,0.0,1.0,0.0,0.0,0.0,0.0,0.0,0.0,0.0,0.0,0.0,0.0,0.0,0.0,0.0,0.0,0.0,0.0,0.0,0.0,0.0,0.0,0.0,0.0,0.0,0.0
335.0,0.0,SR650,['https://cdn.tous.com/media/catalog/product/cache/image/512x512/9df78eab33525d08d6e5fb8d27136e95/2/1/211902670.jpg'],0.0,0.0,0.0,0.0,1.0,0.0,0.0,0.0,1.0,0.0,0.0,0.0,0.0,0.0,0.0,1.0,0.0,0.0,0.0,0.0,0.0,0.0,0.0,0.0,0.0,0.0,0.0,0.0,0.0,0.0,0.0,0.0,0.0,0.0,0.0,0.0,0.0,0.0,0.0,0.0
336.0,0.0,SR265,['https://cdn.tous.com/media/catalog/product/cache/image/512x512/9df78eab33525d08d6e5fb8d27136e95/2/1/211902660.jpg'],0.0,0.0,0.0,0.0,1.0,0.0,0.0,0.0,1.0,0.0,0.0,0.0,0.0,0.0,0.0,1.0,0.0,0.0,0.0,0.0,0.0,0.0,0.0,0.0,0.0,0.0,0.0,0.0,0.0,0.0,0.0,0.0,0.0,0.0,0.0,0.0,0.0,0.0,0.0,0.0
